CODI_EQUIPAMENT,EQUIPAMENT,SECCIO,TIPUS_VIA,NOM_CARRER,NUM_CARRER_1,NUM_CARRER_2,CODI_BARRI,NUM_BARRI,CODI_DISTRICTE,NOM_DISTRICTE,CODI_POSTAL,CODI_POBLACIO,POBLACIO,LATITUD,LATITUD_OK,LONGITUD,LONGITUD_OK,X_ETRS89,Y_ETRS89,X_ED50,Y_ED50,TELEFON_NUM,TELEFON_TIPUS,TELEFON_INFO_COM,HORARI_PERIODE_INICI,HORARI_PERIODE_FI,HORARI_DIES,HORARI_HORES_INICI,HORARI_HORES_FI,HORARI_OBSERVACIONS
62172326,Museu d'Hist√≤ria de Catalunya,Auditori,Pl,Pau Vila,1,1.0,3,la Barceloneta,1,Ciutat Vella,8039,19,BARCELONA,41380838,41.380838,2185882,2.185882,431926727.0,4581354829.0,432018673.0,4581555758.0,932254758,Fax,,,,,,,
62172326,Museu d'Hist√≤ria de Catalunya,Auditori,Pl,Pau Vila,1,1.0,3,la Barceloneta,1,Ciutat Vella,8039,19,BARCELONA,41380838,41.380838,2185882,2.185882,431926727.0,4581354829.0,432018673.0,4581555758.0,932254700,Tel.,,,,,,,
81155758,Fundaci√≥ Parc Cient√≠fic de Barcelona,Auditori,C,Baldiri Reixac,4,6.0,20,la Maternitat i Sant Ramon,4,Les Corts,8028,19,BARCELONA,41381869,41.381869,2116467,2.116467,426123653.0,4581526141.0,426215546.0,4581727069.0,934037171,Tel.,,,,,,,
271101523,Centre de Cultura Contempor√†nia de Barcelona,Auditori,C,Montalegre,5,5.0,1,el Raval,1,Ciutat Vella,8001,19,BARCELONA,41383914,41.383914,2166821,2.166821,430336.21,4581711455.0,430428142.0,4581912386.0,933064101,Fax,,,,,,,
271101523,Centre de Cultura Contempor√†nia de Barcelona,Auditori,C,Montalegre,5,5.0,1,el Raval,1,Ciutat Vella,8001,19,BARCELONA,41383914,41.383914,2166821,2.166821,430336.21,4581711455.0,430428142.0,4581912386.0,933064100,Tel.,,,,,,,
299170336,Institut del Teatre,Teatre Estudi,Pl,Margarida Xirgu,1,1.0,11,el Poble-sec,3,Sants-Montju√Øc,8004,19,BARCELONA,41370679,41.370679,2157457,2.157457,429539.01,4580249.69,429630935.0,4580450608.0,932273939,Fax,,,,,,,
299170336,Institut del Teatre,Teatre Estudi,Pl,Margarida Xirgu,1,1.0,11,el Poble-sec,3,Sants-Montju√Øc,8004,19,BARCELONA,41370679,41.370679,2157457,2.157457,429539.01,4580249.69,429630935.0,4580450608.0,932273900,Tel.,,,,,,,
299170435,Institut del Teatre,Auditori,Pl,Margarida Xirgu,1,1.0,11,el Poble-sec,3,Sants-Montju√Øc,8004,19,BARCELONA,41370679,41.370679,2157457,2.157457,429539.01,4580249.69,429630935.0,4580450608.0,932273939,Fax,,,,,,,
299170435,Institut del Teatre,Auditori,Pl,Margarida Xirgu,1,1.0,11,el Poble-sec,3,Sants-Montju√Øc,8004,19,BARCELONA,41370679,41.370679,2157457,2.157457,429539.01,4580249.69,429630935.0,4580450608.0,932273900,Tel.,,,,,,,
1281145134,Instituci√≥ Cultural del C.I.C.,Teatre,Via,Augusta,205,205.0,26,Sant Gervasi - Galvany,5,Sarri√†-Sant Gervasi,8021,19,BARCELONA,41397697,41.397697,2138903,2.138903,428017156.0,4583264421.0,428109066.0,4583465366.0,932090575,Fax,,,,,,,
1281145134,Instituci√≥ Cultural del C.I.C.,Teatre,Via,Augusta,205,205.0,26,Sant Gervasi - Galvany,5,Sarri√†-Sant Gervasi,8021,19,BARCELONA,41397697,41.397697,2138903,2.138903,428017156.0,4583264421.0,428109066.0,4583465366.0,932001133,Tel.,,,,,,,
1331135946,Teatre Lliure,Teatre,Pl,Margarida Xirgu,1,1.0,11,el Poble-sec,3,Sants-Montju√Øc,8004,19,BARCELONA,41370679,41.370679,2157457,2.157457,429539.01,4580249.69,429630935.0,4580450608.0,934243453,Fax,,,,,,,
1331135946,Teatre Lliure,Teatre,Pg,Santa Madrona,40,46.0,11,el Poble-sec,3,Sants-Montju√Øc,8038,19,BARCELONA,41370538,41.370538,215728,2.15728,429524018.0,4580234161.0,429615943.0,4580435078.0,934243453,Fax,,,,,,,
1331135946,Teatre Lliure,Teatre,Pg,Santa Madrona,40,46.0,11,el Poble-sec,3,Sants-Montju√Øc,8038,19,BARCELONA,41370538,41.370538,215728,2.15728,429524018.0,4580234161.0,429615943.0,4580435078.0,932892770,Tel.,,,,,,,
1331135946,Teatre Lliure,Teatre,Pl,Margarida Xirgu,1,1.0,11,el Poble-sec,3,Sants-Montju√Øc,8004,19,BARCELONA,41370679,41.370679,2157457,2.157457,429539.01,4580249.69,429630935.0,4580450608.0,932892770,Tel.,,,,,,,
1331141308,Teatre Lliure,Teatre,Pl,Margarida Xirgu,1,1.0,11,el Poble-sec,3,Sants-Montju√Øc,8004,19,BARCELONA,41370679,41.370679,2157457,2.157457,429539.01,4580249.69,429630935.0,4580450608.0,934243453,Fax,,,,,,,
1331141308,Teatre Lliure,Teatre,Pl,Margarida Xirgu,1,1.0,11,el Poble-sec,3,Sants-Montju√Øc,8004,19,BARCELONA,41370679,41.370679,2157457,2.157457,429539.01,4580249.69,429630935.0,4580450608.0,932892770,Tel.,,,,,,,
2071125357,Museu d'Hist√≤ria de Barcelona - Pla√ßa del Rei,Espai Escenic,Pl,Rei,9,9.0,2,el Barri G√≤tic,1,Ciutat Vella,8002,19,BARCELONA,41384295,41.384295,2177268,2.177268,431210134.0,4581745405.0,431302074.0,4581946337.0,932562100,Centraleta,,,,,,,
2071125357,Museu d'Hist√≤ria de Barcelona - Pla√ßa del Rei,Espai Escenic,Pl,Rei,9,9.0,2,el Barri G√≤tic,1,Ciutat Vella,8002,19,BARCELONA,41384295,41.384295,2177268,2.177268,431210134.0,4581745405.0,431302074.0,4581946337.0,93 315 0957,Fax,,,,,,,
2086161222,Cinemes Renoir *Floridablanca,Cinema,C,Floridablanca,135,135.0,10,Sant Antoni,2,Eixample,8011,19,BARCELONA,41381711,41.381711,2162582,2.162582,429979412.0,4581470.26,430071.34,4581671189.0,934263337,Fax,,,,,,,
2086161222,Cinemes Renoir *Floridablanca,Cinema,C,Floridablanca,135,135.0,10,Sant Antoni,2,Eixample,8011,19,BARCELONA,41381711,41.381711,2162582,2.162582,429979412.0,4581470.26,430071.34,4581671189.0,932289393,Tel.,,,,,,,
2086161222,Cinemes Renoir *Floridablanca,Cinema,C,Floridablanca,135,135.0,10,Sant Antoni,2,Eixample,8011,19,BARCELONA,41381711,41.381711,2162582,2.162582,429979412.0,4581470.26,430071.34,4581671189.0,934263337,Audiotex,permanent,,,,,,
75990017485,Aribau Multicines,Cinema,C,Aribau,8,10.0,8,l'Antiga Esquerra de l'Eixample,2,Eixample,8011,19,BARCELONA,41386305,41.386305,2162714,2.162714,429995382.0,4581980171.0,430087.31,4582181105.0,934545108,Fax,,,,,,,
75990017485,Aribau Multicines,Cinema,C,Aribau,5,5.0,8,l'Antiga Esquerra de l'Eixample,2,Eixample,8011,19,BARCELONA,41385985,41.385985,2162394,2.162394,429968328.0,4581944992.0,430060256.0,4582145925.0,934545108,Fax,,,,,,,
75990017485,Aribau Multicines,Cinema,C,Aribau,5,5.0,8,l'Antiga Esquerra de l'Eixample,2,Eixample,8011,19,BARCELONA,41385985,41.385985,2162394,2.162394,429968328.0,4581944992.0,430060256.0,4582145925.0,934545108,Tel.,,,,,,,
75990017485,Aribau Multicines,Cinema,C,Aribau,8,10.0,8,l'Antiga Esquerra de l'Eixample,2,Eixample,8011,19,BARCELONA,41386305,41.386305,2162714,2.162714,429995382.0,4581980171.0,430087.31,4582181105.0,934545108,Tel.,,,,,,,
75990025167,Teatre Club Capitol,Teatre,C,Rambla,138,138.0,2,el Barri G√≤tic,1,Ciutat Vella,8002,19,BARCELONA,41385142,41.385142,2170647,2.170647,430657.4,4581844663.0,430749335.0,4582045596.0,902332211,Tel.,Venda Entrades Teatre,,,,,,
75990025167,Teatre Club Capitol,Teatre,C,Rambla,138,138.0,2,el Barri G√≤tic,1,Ciutat Vella,8002,19,BARCELONA,41385142,41.385142,2170647,2.170647,430657.4,4581844663.0,430749335.0,4582045596.0,934122038,Tel.,,,,,,,
75990066470,Teatre Romea,Teatre,C,Hospital,51,51.0,1,el Raval,1,Ciutat Vella,8001,19,BARCELONA,41380585,41.380585,2171091,2.171091,430689674.0,4581338397.0,430781609.0,4581539325.0,933019318,Fax,,,,,,,
75990066470,Teatre Romea,Teatre,C,Hospital,51,51.0,1,el Raval,1,Ciutat Vella,8001,19,BARCELONA,41380585,41.380585,2171091,2.171091,430689674.0,4581338397.0,430781609.0,4581539325.0,933181431,Tel.,Fundaci√≥ Romea,,,,,,
75990066470,Teatre Romea,Teatre,C,Hospital,51,51.0,1,el Raval,1,Ciutat Vella,8001,19,BARCELONA,41380585,41.380585,2171091,2.171091,430689674.0,4581338397.0,430781609.0,4581539325.0,933015504,Taquilles,,,,,,,
75990089577,Teatre Lliure,Teatre,Pl,Margarida Xirgu,1,1.0,11,el Poble-sec,3,Sants-Montju√Øc,8004,19,BARCELONA,41370679,41.370679,2157457,2.157457,429539.01,4580249.69,429630935.0,4580450608.0,934243453,Fax,,2020-01-01,2020-12-31,11.0,16:00:00,20:00:00, 
75990089577,Teatre Lliure,Teatre,Pl,Margarida Xirgu,1,1.0,11,el Poble-sec,3,Sants-Montju√Øc,8004,19,BARCELONA,41370679,41.370679,2157457,2.157457,429539.01,4580249.69,429630935.0,4580450608.0,934243453,Fax,,2020-01-01,2020-12-31,11.0,10:00:00,14:00:00, 
75990089577,Teatre Lliure,Teatre,Pl,Margarida Xirgu,1,1.0,11,el Poble-sec,3,Sants-Montju√Øc,8004,19,BARCELONA,41370679,41.370679,2157457,2.157457,429539.01,4580249.69,429630935.0,4580450608.0,932892770,Tel.,,2020-01-01,2020-12-31,11.0,16:00:00,20:00:00, 
75990089577,Teatre Lliure,Teatre,Pl,Margarida Xirgu,1,1.0,11,el Poble-sec,3,Sants-Montju√Øc,8004,19,BARCELONA,41370679,41.370679,2157457,2.157457,429539.01,4580249.69,429630935.0,4580450608.0,932892770,Tel.,,2020-01-01,2020-12-31,11.0,10:00:00,14:00:00, 
75990090931,Luz de Gas,Sala Concerts,C,Muntaner,246,246.0,26,Sant Gervasi - Galvany,5,Sarri√†-Sant Gervasi,8021,19,BARCELONA,41394624,41.394624,2149071,2.149071,428863762.0,4582914848.0,428955.68,4583115.79,934141759,Fax,,2020-01-01,2020-12-31,1100001.0,00:00:00,, 
75990090931,Luz de Gas,Sala Concerts,C,Muntaner,246,246.0,26,Sant Gervasi - Galvany,5,Sarri√†-Sant Gervasi,8021,19,BARCELONA,41394624,41.394624,2149071,2.149071,428863762.0,4582914848.0,428955.68,4583115.79,932097711,Centraleta,,2020-01-01,2020-12-31,1100001.0,00:00:00,, 
75990094613,Teatre Borr√†s,Teatre,Pl,Urquinaona,9,9.0,4,"Sant Pere, Santa Caterina i la Ribera",1,Ciutat Vella,8010,19,BARCELONA,41388888,41.388888,2173625,2.173625,430910377.0,4582258163.0,431002314.0,4582459.1,902332211,Tel.,,,,,,,
75990094613,Teatre Borr√†s,Teatre,Pl,Urquinaona,9,9.0,4,"Sant Pere, Santa Caterina i la Ribera",1,Ciutat Vella,8010,19,BARCELONA,41388888,41.388888,2173625,2.173625,430910377.0,4582258163.0,431002314.0,4582459.1,933011968,Fax,,,,,,,
75990094613,Teatre Borr√†s,Teatre,Pl,Urquinaona,9,9.0,4,"Sant Pere, Santa Caterina i la Ribera",1,Ciutat Vella,8010,19,BARCELONA,41388888,41.388888,2173625,2.173625,430910377.0,4582258163.0,431002314.0,4582459.1,934121582,Tel.,,,,,,,
75990107722,Teatre El Llantiol,Teatre,C,Riereta,7,7.0,1,el Raval,1,Ciutat Vella,8001,19,BARCELONA,41378869,41.378869,2167475,2.167475,430385503.0,4581150891.0,430477435.0,4581351817.0,933299009,Fax,,,,,,,
75990107722,Teatre El Llantiol,Teatre,C,Riereta,7,7.0,1,el Raval,1,Ciutat Vella,8001,19,BARCELONA,41378869,41.378869,2167475,2.167475,430385503.0,4581150891.0,430477435.0,4581351817.0,933299009,Tel.,,,,,,,
75990119885,Jove Teatre Regina,Teatre,C,S√®neca,22,22.0,31,la Vila de Gr√†cia,6,Gr√†cia,8006,19,BARCELONA,41396876,41.396876,2156175,2.156175,429460115.0,4583159124.0,429552038.0,4583360069.0,932181512,Tel.,,,,,,,
75990119885,Jove Teatre Regina,Teatre,C,S√®neca,22,22.0,31,la Vila de Gr√†cia,6,Gr√†cia,8006,19,BARCELONA,41396876,41.396876,2156175,2.156175,429460115.0,4583159124.0,429552038.0,4583360069.0,934150098,Fax,,,,,,,
75990131879,Cinemes Verdi,Cinema,C,Verdi,32,32.0,31,la Vila de Gr√†cia,6,Gr√†cia,8012,19,BARCELONA,41404194,41.404194,2157239,2.157239,429556903.0,4583970661.0,429648827.0,4584171613.0,932387808,Fax,,,,,,,
75990131879,Cinemes Verdi,Cinema,C,Verdi,32,32.0,31,la Vila de Gr√†cia,6,Gr√†cia,8012,19,BARCELONA,41404194,41.404194,2157239,2.157239,429556903.0,4583970661.0,429648827.0,4584171613.0,932387800,Administraci√≥,,,,,,,
75990131879,Cinemes Verdi,Cinema,C,Verdi,32,32.0,31,la Vila de Gr√†cia,6,Gr√†cia,8012,19,BARCELONA,41404194,41.404194,2157239,2.157239,429556903.0,4583970661.0,429648827.0,4584171613.0,932387990,Tel.,,,,,,,
75990131879,Cinemes Verdi,Cinema,C,Verdi,32,32.0,31,la Vila de Gr√†cia,6,Gr√†cia,8012,19,BARCELONA,41404194,41.404194,2157239,2.157239,429556903.0,4583970661.0,429648827.0,4584171613.0,932387801,Administraci√≥,,,,,,,
75990133975,Villarroel Teatre,Teatre,C,Villarroel,87,87.0,8,l'Antiga Esquerra de l'Eixample,2,Eixample,8011,19,BARCELONA,41384546,41.384546,2157525,2.157525,429559656.0,4581789134.0,429651581.0,4581990066.0,934516566,Fax,,,,,,,
75990133975,Villarroel Teatre,Teatre,C,Villarroel,87,87.0,8,l'Antiga Esquerra de l'Eixample,2,Eixample,8011,19,BARCELONA,41384546,41.384546,2157525,2.157525,429559656.0,4581789134.0,429651581.0,4581990066.0,934511234,Tel.,,,,,,,
75990147320,Teatre Coliseum,Teatre,G.V.,Corts Catalanes,595,595.0,7,la Dreta de Eixample,2,Eixample,8007,19,BARCELONA,41388196,41.388196,2166187,2.166187,430287814.0,4582187397.0,430379745.0,4582388333.0,934120114,Fax,,,,,,,
75990147320,Teatre Coliseum,Teatre,G.V.,Corts Catalanes,595,595.0,7,la Dreta de Eixample,2,Eixample,8007,19,BARCELONA,41388196,41.388196,2166187,2.166187,430287814.0,4582187397.0,430379745.0,4582388333.0,933171448,Tel.,,,,,,,
75990147320,Teatre Coliseum,Teatre,G.V.,Corts Catalanes,595,595.0,7,la Dreta de Eixample,2,Eixample,8007,19,BARCELONA,41388196,41.388196,2166187,2.166187,430287814.0,4582187397.0,430379745.0,4582388333.0,902424243,Tel.,Venda d'entrades,,,,,,
75990162559,Teatre Condal,Teatre,Av,Paral¬∑lel,91,91.0,11,el Poble-sec,3,Sants-Montju√Øc,8004,19,BARCELONA,41374807,41.374807,2164736,2.164736,430152127.0,4580702.07,430244057.0,4580902992.0,934428584,Tel.,,,,,,,
75990162559,Teatre Condal,Teatre,Av,Paral¬∑lel,91,91.0,11,el Poble-sec,3,Sants-Montju√Øc,8004,19,BARCELONA,41374807,41.374807,2164736,2.164736,430152127.0,4580702.07,430244057.0,4580902992.0,934423132,Tel.,,,,,,,
75990162559,Teatre Condal,Teatre,Av,Paral¬∑lel,91,91.0,11,el Poble-sec,3,Sants-Montju√Øc,8004,19,BARCELONA,41374807,41.374807,2164736,2.164736,430152127.0,4580702.07,430244057.0,4580902992.0,934429556,Fax,,,,,,,
75990172785,Teatre Goya,Teatre,C,Joaqu√≠n Costa,68,68.0,1,el Raval,1,Ciutat Vella,8001,19,BARCELONA,41384215,41.384215,2164697,2.164697,430158.98,4581746613.0,430250.91,4581947545.0,933435323,Tel.,,,,,,,
75990176320,Teatreneu Multisales,Teatre,C,Terol,26,28.0,31,la Vila de Gr√†cia,6,Gr√†cia,8012,19,BARCELONA,41403283,41.403283,2158588,2.158588,429668746.0,4583868413.0,429760671.0,4584069364.0,932843087,Fax,,,,,,,
75990176320,Teatreneu Multisales,Teatre,C,Terol,26,28.0,31,la Vila de Gr√†cia,6,Gr√†cia,8012,19,BARCELONA,41403283,41.403283,2158588,2.158588,429668746.0,4583868413.0,429760671.0,4584069364.0,932853712,Tel.,,,,,,,
75990212279,Sant Andreu Teatre,Teatre,C,Neop√†tria,54,54.0,60,Sant Andreu,9,Sant Andreu,8030,19,BARCELONA,41430614,41.430614,2188929,2.188929,432233295.0,4586878471.0,432325243.0,4587079451.0,933457929,Fax,,,,,,,
75990212279,Sant Andreu Teatre,Teatre,C,Neop√†tria,54,54.0,60,Sant Andreu,9,Sant Andreu,8030,19,BARCELONA,41430614,41.430614,2188929,2.188929,432233295.0,4586878471.0,432325243.0,4587079451.0,933457930,Tel.,,,,,,,
75990332131,Cinemes Girona,Cinema,C,Girona,175,175.0,7,la Dreta de Eixample,2,Eixample,8037,19,BARCELONA,41399627,41.399627,2164638,2.164638,430170492.0,4583457625.0,430262422.0,4583658572.0,931184531,Tel.,,,,,,,
75990343578,Tantarantana Teatre,Teatre,C,Flors,22,22.0,1,el Raval,1,Ciutat Vella,8001,19,BARCELONA,41375969,41.375969,2167387,2.167387,430375064.0,4580828969.0,430466996.0,4581029892.0,934417022,Tel.,,,,,,,
75990343578,Tantarantana Teatre,Teatre,C,Flors,22,22.0,1,el Raval,1,Ciutat Vella,8001,19,BARCELONA,41375969,41.375969,2167387,2.167387,430375064.0,4580828969.0,430466996.0,4581029892.0,934417094,Fax,,,,,,,
75990349641,Cinemes Verdi Park,Cinema,C,Torrijos,49,49.0,31,la Vila de Gr√†cia,6,Gr√†cia,8012,19,BARCELONA,41404464,41.404464,215769,2.15769,429594918.0,4584000235.0,429686842.0,4584201187.0,932387990,Tel.,,,,,,,
75990349641,Cinemes Verdi Park,Cinema,C,Torrijos,49,49.0,31,la Vila de Gr√†cia,6,Gr√†cia,8012,19,BARCELONA,41404464,41.404464,215769,2.15769,429594918.0,4584000235.0,429686842.0,4584201187.0,932387808,Fax,,,,,,,
75990364693,Eixample Teatre,Teatre,C,Arag√≥,140,140.0,8,l'Antiga Esquerra de l'Eixample,2,Eixample,8011,19,BARCELONA,41385402,41.385402,2156059,2.156059,429438025.0,4581885357.0,429529948.0,4582086.29,936816132,Tel.,,,,,,,
75990406630,Yelmo Cines,Cinema,C,Salvador Espriu,61,61.0,67,la Vila Ol√≠mpica del Poblenou,10,Sant Mart√≠,8005,19,BARCELONA,41390927,41.390927,2197877,2.197877,432940076.0,4582465517.0,433032032.0,4582666456.0,902220922,Tel.,Venda d'entrades,,,,,,
75990406630,Yelmo Cines,cinema,C,Salvador Espriu,61,61.0,67,la Vila Ol√≠mpica del Poblenou,10,Sant Mart√≠,8005,19,BARCELONA,41390927,41.390927,2197877,2.197877,432940076.0,4582465517.0,433032032.0,4582666456.0,932217912,Centraleta,,,,,,,
75990406630,Yelmo Cines,cinema,C,Salvador Espriu,61,61.0,67,la Vila Ol√≠mpica del Poblenou,10,Sant Mart√≠,8005,19,BARCELONA,41390927,41.390927,2197877,2.197877,432940076.0,4582465517.0,433032032.0,4582666456.0,932250464,Fax,,,,,,,
75990416212,Llu√Øsos de Gr√†cia,Associació Sociocultural,Pl,Nord,7,10.0,31,la Vila de Gr√†cia,6,Gr√†cia,8024,19,BARCELONA,41407283,41.407283,2155575,2.155575,429421187.0,4584314945.0,429513.11,4584515.9,932183372,Tel., ,2020-09-12,2020-06-30,111.0,17:00:00,23:45:00, 
75990416212,Llu√Øsos de Gr√†cia,Associació Sociocultural,Pl,Nord,7,10.0,31,la Vila de Gr√†cia,6,Gr√†cia,8024,19,BARCELONA,41407283,41.407283,2155575,2.155575,429421187.0,4584314945.0,429513.11,4584515.9,932183372,Tel., ,2020-09-12,2020-06-30,,17:00:00,23:45:00, 
75990416212,Llu√Øsos de Gr√†cia,Associació Sociocultural,Pl,Nord,7,10.0,31,la Vila de Gr√†cia,6,Gr√†cia,8024,19,BARCELONA,41407283,41.407283,2155575,2.155575,429421187.0,4584314945.0,429513.11,4584515.9,932183372,Tel., ,2020-09-12,2020-06-30,,17:00:00,23:45:00, 
75990416212,Llu√Øsos de Gr√†cia,Associació Sociocultural,Pl,Nord,7,10.0,31,la Vila de Gr√†cia,6,Gr√†cia,8024,19,BARCELONA,41407283,41.407283,2155575,2.155575,429421187.0,4584314945.0,429513.11,4584515.9,932183372,Tel., ,2020-09-12,2020-06-30,,17:00:00,23:45:00, 
75990416212,Llu√Øsos de Gr√†cia,Associació Sociocultural,Pl,Nord,7,10.0,31,la Vila de Gr√†cia,6,Gr√†cia,8024,19,BARCELONA,41407283,41.407283,2155575,2.155575,429421187.0,4584314945.0,429513.11,4584515.9,932183372,Tel., ,2020-09-12,2020-06-30,,17:00:00,20:00:00, 
75990416212,Llu√Øsos de Gr√†cia,Associació Sociocultural,Pl,Nord,7,10.0,31,la Vila de Gr√†cia,6,Gr√†cia,8024,19,BARCELONA,41407283,41.407283,2155575,2.155575,429421187.0,4584314945.0,429513.11,4584515.9,932183372,Tel., ,2020-09-12,2020-06-30,,17:00:00,20:00:00, 
75990416212,Llu√Øsos de Gr√†cia,Associació Sociocultural,Pl,Nord,7,10.0,31,la Vila de Gr√†cia,6,Gr√†cia,8024,19,BARCELONA,41407283,41.407283,2155575,2.155575,429421187.0,4584314945.0,429513.11,4584515.9,932183372,Tel., ,2020-09-12,2020-06-30,1111111.0,17:00:00,20:00:00, 
75990416212,Llu√Øsos de Gr√†cia,Associació Sociocultural,Pl,Nord,7,10.0,31,la Vila de Gr√†cia,6,Gr√†cia,8024,19,BARCELONA,41407283,41.407283,2155575,2.155575,429421187.0,4584314945.0,429513.11,4584515.9,932183372,Tel., ,2020-09-12,2020-06-30,,17:00:00,00:45:00, 
75990416212,Llu√Øsos de Gr√†cia,Associació Sociocultural,Pl,Nord,7,10.0,31,la Vila de Gr√†cia,6,Gr√†cia,8024,19,BARCELONA,41407283,41.407283,2155575,2.155575,429421187.0,4584314945.0,429513.11,4584515.9,932183372,Tel., ,2020-09-12,2020-06-30,1111011.0,17:00:00,00:45:00, 
75990416212,Llu√Øsos de Gr√†cia,Associació Sociocultural,Pl,Nord,7,10.0,31,la Vila de Gr√†cia,6,Gr√†cia,8024,19,BARCELONA,41407283,41.407283,2155575,2.155575,429421187.0,4584314945.0,429513.11,4584515.9,932183372,Tel., ,2020-09-12,2020-06-30,1111101.0,09:00:00,00:45:00, 
75990416212,Llu√Øsos de Gr√†cia,Associació Sociocultural,Pl,Nord,7,10.0,31,la Vila de Gr√†cia,6,Gr√†cia,8024,19,BARCELONA,41407283,41.407283,2155575,2.155575,429421187.0,4584314945.0,429513.11,4584515.9,932183372,Tel., ,2020-09-12,2020-06-30,1111110.0,09:00:00,14:30:00, 
75990416212,Llu√Øsos de Gr√†cia,Associació Sociocultural,Pl,Nord,7,10.0,31,la Vila de Gr√†cia,6,Gr√†cia,8024,19,BARCELONA,41407283,41.407283,2155575,2.155575,429421187.0,4584314945.0,429513.11,4584515.9,932183372,Tel., ,2020-09-12,2020-06-30,1111110.0,17:00:00,21:15:00, 
75990416212,Llu√Øsos de Gr√†cia,Associació Sociocultural,Pl,Nord,7,10.0,31,la Vila de Gr√†cia,6,Gr√†cia,8024,19,BARCELONA,41407283,41.407283,2155575,2.155575,429421187.0,4584314945.0,429513.11,4584515.9,932183372,Tel., ,2020-07-01,2020-09-11,11.0,17:00:00,23:45:00, 
75990416212,Llu√Øsos de Gr√†cia,Associació Sociocultural,Pl,Nord,7,10.0,31,la Vila de Gr√†cia,6,Gr√†cia,8024,19,BARCELONA,41407283,41.407283,2155575,2.155575,429421187.0,4584314945.0,429513.11,4584515.9,932183372,Tel., ,2020-07-01,2020-09-11,1111101.0,10:00:00,14:00:00, 
75990416212,Llu√Øsos de Gr√†cia,Associació Sociocultural,Pl,Nord,7,10.0,31,la Vila de Gr√†cia,6,Gr√†cia,8024,19,BARCELONA,41407283,41.407283,2155575,2.155575,429421187.0,4584314945.0,429513.11,4584515.9,932183372,Tel., ,2020-07-01,2020-09-11,1111101.0,18:00:00,21:45:00, 
75990429331,Sala Versus Gl√≤ries,Associació Sociocultural,C,Castillejos,179,179.0,5,el Fort Pienc,2,Eixample,8013,19,BARCELONA,41402111,41.402111,2183932,2.183932,431785934.0,4583718039.0,431877878.0,4583918989.0,626871356,Tel.,,,,,,,
75990429331,Sala Versus Gl√≤ries,Associació Sociocultural,C,Castillejos,179,179.0,5,el Fort Pienc,2,Eixample,8013,19,BARCELONA,41402111,41.402111,2183932,2.183932,431785934.0,4583718039.0,431877878.0,4583918989.0,647488853,Tel.,,,,,,,
75990473808,F√†brica de Creaci√≥ Escenari Joan  Brossa,Teatre,C,Flassaders,40,40.0,4,"Sant Pere, Santa Caterina i la Ribera",1,Ciutat Vella,8003,19,BARCELONA,41385248,41.385248,2182387,2.182387,431639128.0,4581847198.0,431731072.0,4582048131.0,933101364,Tel.,Teatre (reserves),2020-01-01,2020-12-31,111.0,09:00:00,17:00:00, 
75990473808,F√†brica de Creaci√≥ Escenari Joan  Brossa,Teatre,C,Flassaders,40,40.0,4,"Sant Pere, Santa Caterina i la Ribera",1,Ciutat Vella,8003,19,BARCELONA,41385248,41.385248,2182387,2.182387,431639128.0,4581847198.0,431731072.0,4582048131.0,933101364,Tel.,Teatre (reserves),2020-01-01,2020-12-31,1111011.0,10:00:00,14:00:00, 
75990473808,F√†brica de Creaci√≥ Escenari Joan  Brossa,Teatre,C,Flassaders,40,40.0,4,"Sant Pere, Santa Caterina i la Ribera",1,Ciutat Vella,8003,19,BARCELONA,41385248,41.385248,2182387,2.182387,431639128.0,4581847198.0,431731072.0,4582048131.0,933151596,Oficines,,2020-01-01,2020-12-31,111.0,09:00:00,17:00:00, 
75990473808,F√†brica de Creaci√≥ Escenari Joan  Brossa,Teatre,C,Flassaders,40,40.0,4,"Sant Pere, Santa Caterina i la Ribera",1,Ciutat Vella,8003,19,BARCELONA,41385248,41.385248,2182387,2.182387,431639128.0,4581847198.0,431731072.0,4582048131.0,933151596,Oficines,,2020-01-01,2020-12-31,1111011.0,10:00:00,14:00:00, 
75990531988,F√†brica de Creaci√≥ Nau Ivanow,Teatre,C,Hondures,28,30.0,61,la Sagrera,9,Sant Andreu,8027,19,BARCELONA,41419979,41.419979,2189973,2.189973,432309477.0,4585696953.0,432401426.0,4585897922.0,933407468,Tel., ,,,,,,
92086000123,Teatre Grec,Teatre,Pg,Santa Madrona,36,36.0,11,el Poble-sec,3,Sants-Montju√Øc,8038,19,BARCELONA,41368123,41.368123,2158491,2.158491,429622691.0,4579965132.0,429714617.0,4580166047.0,933161000,Informaci√≥,,,,,,,
92086000171,Fundaci√≥ Joan Mir√≥,Teatre,Av,Miramar,1,1.0,11,el Poble-sec,3,Sants-Montju√Øc,8038,19,BARCELONA,41368292,41.368292,2160157,2.160157,429762.24,4579982478.0,429854167.0,4580183393.0,934439470,Tel.,,,,,,,
92086000451,Escola Oficial d'Idiomes Barcelona - Drassanes,Teatre,C,Arc del Teatre,24,28.0,1,el Raval,1,Ciutat Vella,8001,19,BARCELONA,41377122,41.377122,2173538,2.173538,430890638.0,4580952083.0,430982575.0,4581153007.0,933249351,Fax,,,,,,,
92086000451,Escola Oficial d'Idiomes Barcelona - Drassanes,Teatre,C,Arc del Teatre,24,28.0,1,el Raval,1,Ciutat Vella,8001,19,BARCELONA,41377122,41.377122,2173538,2.173538,430890638.0,4580952083.0,430982575.0,4581153007.0,933249330,Centraleta,,,,,,,
92086000452,Escola Oficial d'Idiomes Barcelona - Drassanes,Cinema,C,Arc del Teatre,24,28.0,1,el Raval,1,Ciutat Vella,8001,19,BARCELONA,41377122,41.377122,2173538,2.173538,430890638.0,4580952083.0,430982575.0,4581153007.0,933249351,Fax,,,,,,,
92086000452,Escola Oficial d'Idiomes Barcelona - Drassanes,Cinema,C,Arc del Teatre,24,28.0,1,el Raval,1,Ciutat Vella,8001,19,BARCELONA,41377122,41.377122,2173538,2.173538,430890638.0,4580952083.0,430982575.0,4581153007.0,933249330,Tel.,,,,,,,
92086000770,Ateneu Barcelon√®s,Teatre,C,Canuda,6,6.0,2,el Barri G√≤tic,1,Ciutat Vella,8002,19,BARCELONA,4138468,41.38468,2171672,2.171672,430742676.0,4581792573.0,430834611.0,4581993505.0,933174904,Consergeria,,,,,,,
92086000770,Ateneu Barcelon√®s,Teatre,C,Canuda,6,6.0,2,el Barri G√≤tic,1,Ciutat Vella,8002,19,BARCELONA,4138468,41.38468,2171672,2.171672,430742676.0,4581792573.0,430834611.0,4581993505.0,933171525,Fax,,,,,,,
92086000770,Ateneu Barcelon√®s,Teatre,C,Canuda,6,6.0,2,el Barri G√≤tic,1,Ciutat Vella,8002,19,BARCELONA,4138468,41.38468,2171672,2.171672,430742676.0,4581792573.0,430834611.0,4581993505.0,933436121,Centraleta,,,,,,,
92086000771,Ateneu Barcelon√®s,Cinema,C,Canuda,6,6.0,2,el Barri G√≤tic,1,Ciutat Vella,8002,19,BARCELONA,4138468,41.38468,2171672,2.171672,430742676.0,4581792573.0,430834611.0,4581993505.0,933171525,Fax,,,,,,,
92086000771,Ateneu Barcelon√®s,Cinema,C,Canuda,6,6.0,2,el Barri G√≤tic,1,Ciutat Vella,8002,19,BARCELONA,4138468,41.38468,2171672,2.171672,430742676.0,4581792573.0,430834611.0,4581993505.0,933436121,Tel.,,,,,,,
92086001479,Teatre Centre Sant Pere Ap√≥stol,Teatre,C,Sant Pere M√©s Alt,25,25.0,4,"Sant Pere, Santa Caterina i la Ribera",1,Ciutat Vella,8003,19,BARCELONA,41388184,41.388184,2176311,2.176311,431134.21,4582177883.0,431226149.0,4582378819.0,932682509,Tel.,,,,,,,
92086001555,Institut Pau Claris,Auditorium,Pg,Llu√≠s Companys,18,18.0,4,"Sant Pere, Santa Caterina i la Ribera",1,Ciutat Vella,8018,19,BARCELONA,41391282,41.391282,2181355,2.181355,431559183.0,4582517868.0,431651126.0,4582718807.0,933003708,Tel.,,,,,,,
92086001953,Escola T√®cnica Superior d'Arquitectura de Barcelona - UPC,Cinema,Av,Diagonal,649,649.0,20,la Maternitat i Sant Ramon,4,Les Corts,8028,19,BARCELONA,41384423,41.384423,2113377,2.113377,425868178.0,4581812256.0,425960068.0,4582013187.0,934016333,Tel.,,,,,,,
92086002091,Facultat de Biologia - UB,Auditorium,Av,Diagonal,643,643.0,20,la Maternitat i Sant Ramon,4,Les Corts,8028,19,BARCELONA,41386083,41.386083,2119795,2.119795,426406709.0,4581991117.0,426498604.0,4582192.05,934021431,Tel.,,,,,,,
92086002473,Centre C√≠vic Casinet d'Hostafrancs,Teatre,C,Rector Triad√≥,53,53.0,15,Hostafrancs,3,Sants-Montju√Øc,8014,19,BARCELONA,41377859,41.377859,2143228,2.143228,428356932.0,4581058429.0,428448846.0,4581259354.0,934230440,Centraleta,,,,,,,
92086002473,Centre C√≠vic Casinet d'Hostafrancs,Teatre,C,Rector Triad√≥,53,53.0,15,Hostafrancs,3,Sants-Montju√Øc,8014,19,BARCELONA,41377859,41.377859,2143228,2.143228,428356932.0,4581058429.0,428448846.0,4581259354.0,932892093,Fax,,,,,,,
92086003023,Bosque Multicines,Cinema,Rbla,Prat,16,20.0,31,la Vila de Gr√†cia,6,Gr√†cia,8012,19,BARCELONA,41401397,41.401397,215173,2.15173,429093408.0,4583664604.0,429185328.0,4583865553.0,934152855,Fax,,,,,,,
92086003023,Bosque Multicines,Cinema,Rbla,Prat,16,20.0,31,la Vila de Gr√†cia,6,Gr√†cia,8012,19,BARCELONA,41401397,41.401397,215173,2.15173,429093408.0,4583664604.0,429185328.0,4583865553.0,932159570,Tel.,Oficines Grup Bala√±a,,,,,,
92086003023,Bosque Multicines,Cinema,Rbla,Prat,16,20.0,31,la Vila de Gr√†cia,6,Gr√†cia,8012,19,BARCELONA,41401397,41.401397,215173,2.15173,429093408.0,4583664604.0,429185328.0,4583865553.0,932172642,Taquilles,,,,,,,
92086003081,Centre Moral i Instructiu de Gr√†cia,Teatre,C,Ros de Olano,9,9.0,31,la Vila de Gr√†cia,6,Gr√†cia,8012,19,BARCELONA,41401146,41.401146,2154795,2.154795,429349323.0,4583634296.0,429441245.0,4583835245.0,932181964,Fax,,,,,,,
92086003081,Centre Moral i Instructiu de Gr√†cia,Teatre,C,Ros de Olano,9,9.0,31,la Vila de Gr√†cia,6,Gr√†cia,8012,19,BARCELONA,41401146,41.401146,2154795,2.154795,429349323.0,4583634296.0,429441245.0,4583835245.0,932375031,Tel.,Bar,,,,,,
92086003081,Centre Moral i Instructiu de Gr√†cia,Teatre,C,Ros de Olano,9,9.0,31,la Vila de Gr√†cia,6,Gr√†cia,8012,19,BARCELONA,41401146,41.401146,2154795,2.154795,429349323.0,4583634296.0,429441245.0,4583835245.0,932181964,Secretaria,,,,,,,
92086003106,Centre Artes√† Tradicion√†rius,Auditori,Trvs,Sant Antoni,6,8.0,31,la Vila de Gr√†cia,6,Gr√†cia,8012,19,BARCELONA,41402544,41.402544,2154721,2.154721,429344688.0,4583789569.0,429436.61,4583990519.0,932184485,Tel.,,2020-09-01,2020-07-31,11.0,11:00:00,14:00:00,Informaci√≥ activitats<br>i inscripcions a tallers
92086003106,Centre Artes√† Tradicion√†rius,Auditori,Trvs,Sant Antoni,6,8.0,31,la Vila de Gr√†cia,6,Gr√†cia,8012,19,BARCELONA,41402544,41.402544,2154721,2.154721,429344688.0,4583789569.0,429436.61,4583990519.0,932184485,Tel.,,2020-09-01,2020-07-31,11.0,17:00:00,21:00:00, 
92086003106,Centre Artes√† Tradicion√†rius,Auditori,Trvs,Sant Antoni,6,8.0,31,la Vila de Gr√†cia,6,Gr√†cia,8012,19,BARCELONA,41402544,41.402544,2154721,2.154721,429344688.0,4583789569.0,429436.61,4583990519.0,934155581,Fax,,2020-09-01,2020-07-31,11.0,11:00:00,14:00:00,Informaci√≥ activitats<br>i inscripcions a tallers
92086003106,Centre Artes√† Tradicion√†rius,Auditori,Trvs,Sant Antoni,6,8.0,31,la Vila de Gr√†cia,6,Gr√†cia,8012,19,BARCELONA,41402544,41.402544,2154721,2.154721,429344688.0,4583789569.0,429436.61,4583990519.0,934155581,Fax,,2020-09-01,2020-07-31,11.0,17:00:00,21:00:00, 
92086003206,Fundaci√≥ Orfe√≥ Gracienc,Teatre,C,Ast√∫ries,83,83.0,31,la Vila de Gr√†cia,6,Gr√†cia,8024,19,BARCELONA,41404734,41.404734,2156431,2.156431,429490002.0,4584031233.0,429581925.0,4584232186.0,932374302,Tel.,,,,,,,
92086003206,Fundaci√≥ Orfe√≥ Gracienc,Teatre,C,Ast√∫ries,83,83.0,31,la Vila de Gr√†cia,6,Gr√†cia,8024,19,BARCELONA,41404734,41.404734,2156431,2.156431,429490002.0,4584031233.0,429581925.0,4584232186.0,932374681,Tel.,,,,,,,
92086004036,Institut Itali√† de Cultura de Barcelona,Cinema,Ptge,M√©ndez Vigo,5,5.0,7,la Dreta de Eixample,2,Eixample,8009,19,BARCELONA,41393377,41.393377,2167476,2.167476,430401085.0,4582761.49,430493017.0,4582962431.0,934875306,Tel.,,,,,,,
92086004613,Foment Martinenc,Teatre,C,Proven√ßa,591,593.0,64,el Camp de l'Arpa del Clot,10,Sant Mart√≠,8026,19,BARCELONA,4141045,41.41045,2182469,2.182469,431672.37,4584644961.0,431764313.0,4584845.92,934357376,Fax,,,,,,,
92086004613,Foment Martinenc,Teatre,C,Proven√ßa,591,593.0,64,el Camp de l'Arpa del Clot,10,Sant Mart√≠,8026,19,BARCELONA,4141045,41.41045,2182469,2.182469,431672.37,4584644961.0,431764313.0,4584845.92,934557095,Tel.,,,,,,,
92086004614,Foment Martinenc,Cinema,C,Proven√ßa,591,593.0,64,el Camp de l'Arpa del Clot,10,Sant Mart√≠,8026,19,BARCELONA,4141045,41.41045,2182469,2.182469,431672.37,4584644961.0,431764313.0,4584845.92,934557095,Tel.,,,,,,,
92086004631,Institut Mois√®s Broggi,Teatre,C,Sant Quint√≠,32,50.0,64,el Camp de l'Arpa del Clot,10,Sant Mart√≠,8041,19,BARCELONA,4141345,41.41345,2178356,2.178356,431331754.0,4584981324.0,431423694.0,4585182286.0,934563285,Fax,,,,,,,
92086004631,Institut Mois√®s Broggi,Teatre,C,Sant Quint√≠,32,50.0,64,el Camp de l'Arpa del Clot,10,Sant Mart√≠,8041,19,BARCELONA,4141345,41.41345,2178356,2.178356,431331754.0,4584981324.0,431423694.0,4585182286.0,934368903,Tel.,,,,,,,
92086005606,Foment Hortenc,Teatre,C,Alt de Mariner,15,15.0,43,Horta,7,Horta-Guinard√≥,8032,19,BARCELONA,41431009,41.431009,2159492,2.159492,429774125.0,4586945784.0,429866.05,4587146764.0,934291040,Tel.,,,,,,,
92086006074,Escola Pia de Sarri√†-Calassan√ß,Teatre,C,Immaculada,25,35.0,25,Sant Gervasi - la Bonanova,5,Sarri√†-Sant Gervasi,8017,19,BARCELONA,41406766,41.406766,2124418,2.124418,426816443.0,4584283444.0,426908341.0,4584484398.0,932120908,Tel.,,,,,,,
92086006074,Escola Pia de Sarri√†-Calassan√ß,Teatre,C,Immaculada,25,35.0,25,Sant Gervasi - la Bonanova,5,Sarri√†-Sant Gervasi,8017,19,BARCELONA,41406766,41.406766,2124418,2.124418,426816443.0,4584283444.0,426908341.0,4584484398.0,934173600,Tel.,,,,,,,
92086006074,Escola Pia de Sarri√†-Calassan√ß,Teatre,C,Immaculada,25,35.0,25,Sant Gervasi - la Bonanova,5,Sarri√†-Sant Gervasi,8017,19,BARCELONA,41406766,41.406766,2124418,2.124418,426816443.0,4584283444.0,426908341.0,4584484398.0,932112704,Fax,,,,,,,
92086006075,Escola Pia de Sarri√†-Calassan√ß,Cinema,C,Immaculada,25,35.0,25,Sant Gervasi - la Bonanova,5,Sarri√†-Sant Gervasi,8017,19,BARCELONA,41406766,41.406766,2124418,2.124418,426816443.0,4584283444.0,426908341.0,4584484398.0,934173600,Tel.,,,,,,,
92086006075,Escola Pia de Sarri√†-Calassan√ß,Cinema,C,Immaculada,25,35.0,25,Sant Gervasi - la Bonanova,5,Sarri√†-Sant Gervasi,8017,19,BARCELONA,41406766,41.406766,2124418,2.124418,426816443.0,4584283444.0,426908341.0,4584484398.0,932120908,Tel.,,,,,,,
92086006167,Centre Educatiu Santa Teresa - Ganduxer,Teatre,C,Ganduxer,85,85.0,24,les Tres Torres,5,Sarri√†-Sant Gervasi,8022,19,BARCELONA,41399968,41.399968,2133587,2.133587,427575238.0,4583521015.0,427667144.0,4583721962.0,934177260,Fax,,,,,,,
92086006167,Centre Educatiu Santa Teresa - Ganduxer,Teatre,C,Ganduxer,85,85.0,24,les Tres Torres,5,Sarri√†-Sant Gervasi,8022,19,BARCELONA,41399968,41.399968,2133587,2.133587,427575238.0,4583521015.0,427667144.0,4583721962.0,932123354,Tel.,,,,,,,
92086009073,Gran Teatre del Liceu,Teatre,C,Rambla,51,59.0,1,el Raval,1,Ciutat Vella,8002,19,BARCELONA,41380146,41.380146,2173355,2.173355,430878531.0,4581287935.0,430970468.0,4581488863.0,934859900,Tel.,,,,,,,
92086009073,Gran Teatre del Liceu,Teatre,C,Rambla,51,59.0,1,el Raval,1,Ciutat Vella,8002,19,BARCELONA,41380146,41.380146,2173355,2.173355,430878531.0,4581287935.0,430970468.0,4581488863.0,934859918,Fax,,,,,,,
92086009592,Conservatori Municipal de M√∫sica de Barcelona,Auditorium,C,Bruc,110,112.0,7,la Dreta de Eixample,2,Eixample,8009,19,BARCELONA,413959,41.3959,2168045,2.168045,430451347.0,4583041118.0,430543279.0,4583242062.0,934584303,Tel.,,,,,,,
92086009592,Conservatori Municipal de M√∫sica de Barcelona,Auditorium,C,Bruc,110,112.0,7,la Dreta de Eixample,2,Eixample,8009,19,BARCELONA,413959,41.3959,2168045,2.168045,430451347.0,4583041118.0,430543279.0,4583242062.0,934593104,Fax,,,,,,,
92086009592,Conservatori Municipal de M√∫sica de Barcelona,Auditorium,C,Bruc,110,112.0,7,la Dreta de Eixample,2,Eixample,8009,19,BARCELONA,413959,41.3959,2168045,2.168045,430451347.0,4583041118.0,430543279.0,4583242062.0,934584302,Tel.,,,,,,,
92086010252,Agrupaci√≥ Congr√©s,Teatre,C,Alexandre Gal√≠,20,22.0,62,el Congr√©s i els Indians,9,Sant Andreu,8027,19,BARCELONA,41424684,41.424684,2180596,2.180596,431530828.0,4586226.69,431622769.0,4586427664.0,933523753,Tel.,,,,,,,
92086010327,Cercle Cat√≤lic de Gr√†cia,Teatre,C,Santa Magdalena,12,12.0,31,la Vila de Gr√†cia,6,Gr√†cia,8012,19,BARCELONA,41403736,41.403736,2152988,2.152988,429201085.0,4583923272.0,429293006.0,4584124224.0,934150370,Tel.,,,,,,,
92086010369,Centre Cultural  Els Catalanistes,Teatre,C,Ramon Batlle,2,2.0,60,Sant Andreu,9,Sant Andreu,8030,19,BARCELONA,41431748,41.431748,2189679,2.189679,432297136.0,4587003789.0,432389084.0,4587204.77,933465703,Centraleta,,,,,,,
92086010369,Centre Cultural  Els Catalanistes,Teatre,C,Ramon Batlle,2,2.0,60,Sant Andreu,9,Sant Andreu,8030,19,BARCELONA,41431748,41.431748,2189679,2.189679,432297136.0,4587003789.0,432389084.0,4587204.77,933465703,Fax,,,,,,,
92086010382,Societat Cultural i Esportiva La Lira,Societat cultural,C,Coroleu,15,15.0,60,Sant Andreu,9,Sant Andreu,8030,19,BARCELONA,41432773,41.432773,2188173,2.188173,432172393.0,4587118.78,432264.34,4587319762.0,936676217,Tel.,,2020-01-01,2020-12-31,1010111.0,22:00:00,23:59:00, 
92086010464,Ateneu Montserrat,Teatre,C,Torre d'en Damians,6,8.0,15,Hostafrancs,3,Sants-Montju√Øc,8014,19,BARCELONA,41375634,41.375634,2144643,2.144643,428472755.0,4580810293.0,428564.67,4581011215.0,934317555,Tel.,,,,,,,
92086010464,Ateneu Montserrat,Teatre,C,Torre d'en Damians,6,8.0,15,Hostafrancs,3,Sants-Montju√Øc,8014,19,BARCELONA,41375634,41.375634,2144643,2.144643,428472755.0,4580810293.0,428564.67,4581011215.0,932964607,Fax,,,,,,,
92086010653,Centro Galego de Barcelona,Teatre,C,Rambla,35,37.0,1,el Raval,1,Ciutat Vella,8002,19,BARCELONA,41378998,41.378998,2174654,2.174654,430985957.0,4581159.46,431077895.0,4581360386.0,933012892,Tel.,,,,,,,
92086010653,Centro Galego de Barcelona,Teatre,C,Rambla,35,37.0,1,el Raval,1,Ciutat Vella,8002,19,BARCELONA,41378998,41.378998,2174654,2.174654,430985957.0,4581159.46,431077895.0,4581360386.0,934125058,Fax,,,,,,,
92086010653,Centro Galego de Barcelona,Teatre,C,Rambla,35,37.0,1,el Raval,1,Ciutat Vella,8002,19,BARCELONA,41378998,41.378998,2174654,2.174654,430985957.0,4581159.46,431077895.0,4581360386.0,933026165,Tel.,Bar,,,,,,
92086010684,Centre parroquial Nostra Sra. del Carme,Teatre,C,Sant Antoni Abat,12,12.0,1,el Raval,1,Ciutat Vella,8001,19,BARCELONA,41379404,41.379404,2165241,2.165241,430199272.0,4581212059.0,430291203.0,4581412986.0,934433464,Tel.,,,,,,,
92086010684,Centre parroquial Nostra Sra. del Carme,Teatre,C,Sant Antoni Abat,12,12.0,1,el Raval,1,Ciutat Vella,8001,19,BARCELONA,41379404,41.379404,2165241,2.165241,430199272.0,4581212059.0,430291203.0,4581412986.0,934413729,Fax,,,,,,,
92086010780,Ateneu Hortenc,Teatre,C,Pere Pau,8,8.0,43,Horta,7,Horta-Guinard√≥,8032,19,BARCELONA,41430162,41.430162,2160246,2.160246,429836.28,4586851.12,429928206.0,4587052099.0,933583235,Fax,,,,,,,
92086010780,Ateneu Hortenc,Teatre,C,Pere Pau,8,8.0,43,Horta,7,Horta-Guinard√≥,8032,19,BARCELONA,41430162,41.430162,2160246,2.160246,429836.28,4586851.12,429928206.0,4587052099.0,933573040,Tel.,,,,,,,
92086011045,Casino de l'Alian√ßa del Poblenou,Teatre,Rbla,Poblenou,42,42.0,68,el Poblenou,10,Sant Mart√≠,8005,19,BARCELONA,41399734,41.399734,2203258,2.203258,433398972.0,4583439148.0,433490931.0,4583640096.0,932252846,Fax,,,,,,,
92086011045,Casino de l'Alian√ßa del Poblenou,Teatre,Rbla,Poblenou,42,42.0,68,el Poblenou,10,Sant Mart√≠,8005,19,BARCELONA,41399734,41.399734,2203258,2.203258,433398972.0,4583439148.0,433490931.0,4583640096.0,932252814,Tel.,,,,,,,
92086011052,Cooperativa La Formiga Martinenca,Teatre,C,Mallorca,580,580.0,64,el Camp de l'Arpa del Clot,10,Sant Mart√≠,8026,19,BARCELONA,41410145,41.410145,218446,2.18446,431838489.0,4584609.54,431930434.0,4584810499.0,932327709,Tel.,,,,,,,
92086011802,Filmoteca de Catalunya,Cinema,Pl,Salvador Segu√≠,1,9.0,1,el Raval,1,Ciutat Vella,8001,19,BARCELONA,41378633,41.378633,2171035,2.171035,430682952.0,4581121809.0,430774887.0,4581322735.0,935671070,Centraleta,,,,,,,
92086012748,F√†brica de Creaci√≥ Ateneu Popular 9 Barris,Cinema,C,Portlligat,11,15.0,53,la Trinitat Nova,8,Nou Barris,8042,19,BARCELONA,41449635,41.449635,2178974,2.178974,431421537.0,4588998088.0,431513477.0,4589199087.0,933503000,Fax,,,,,,,
92086012748,F√†brica de Creaci√≥ Ateneu Popular 9 Barris,Cinema,C,Portlligat,11,15.0,53,la Trinitat Nova,8,Nou Barris,8042,19,BARCELONA,41449635,41.449635,2178974,2.178974,431421537.0,4588998088.0,431513477.0,4589199087.0,933509475,Tel.,,,,,,,
92086013951,Centre Educatiu Jesu√Øtes Clot ¬ñ El Clot,Teatre,C,Val√®ncia,680,680.0,65,el Clot,10,Sant Mart√≠,8027,19,BARCELONA,41413125,41.413125,2190713,2.190713,432364206.0,4584935.53,432456155.0,4585136492.0,934084682,Fax,,,,,,,
92086013951,Centre Educatiu Jesu√Øtes Clot ¬ñ El Clot,Teatre,C,Val√®ncia,680,680.0,65,el Clot,10,Sant Mart√≠,8027,19,BARCELONA,41413125,41.413125,2190713,2.190713,432364206.0,4584935.53,432456155.0,4585136492.0,933516011,Tel.,,,,,,,
92086014636,Teatre Vict√≤ria,Teatre,Av,Paral¬∑lel,65,67.0,11,el Poble-sec,3,Sants-Montju√Øc,8004,19,BARCELONA,41374809,41.374809,216927,2.16927,430531325.0,4580698.68,430623259.0,4580899602.0,933249742,Tel.,,,,,,,
92086015468,Centre Moral i Cultural del Poblenou,Teatre,C,Pujades,176,178.0,68,el Poblenou,10,Sant Mart√≠,8005,19,BARCELONA,41401133,41.401133,2200154,2.200154,433140917.0,4583596797.0,433232874.0,4583797747.0,934853699,Tel.,,,,,,,
92086015468,Centre Moral i Cultural del Poblenou,Teatre,C,Pujades,176,178.0,68,el Poblenou,10,Sant Mart√≠,8005,19,BARCELONA,41401133,41.401133,2200154,2.200154,433140917.0,4583596797.0,433232874.0,4583797747.0,933002943,Fax,,,,,,,
92086015478,Casa de Cuenca de Barcelona,Teatre,C,Muntanya,62,62.0,64,el Camp de l'Arpa del Clot,10,Sant Mart√≠,8026,19,BARCELONA,41412067,41.412067,2184892,2.184892,431876629.0,4584822622.0,431968574.0,4585023583.0,934558467,Tel.,,,,,,,
92086015478,Casa de Cuenca de Barcelona,Teatre,C,Muntanya,62,62.0,64,el Camp de l'Arpa del Clot,10,Sant Mart√≠,8026,19,BARCELONA,41412067,41.412067,2184892,2.184892,431876629.0,4584822622.0,431968574.0,4585023583.0,934558467,Fax,,,,,,,
92086015480,Cooperativa Nova Obrera,Cooperativa cultural,C,Guadiana,22,22.0,18,Sants,3,Sants-Montju√Øc,8014,19,BARCELONA,41374274,41.374274,2139198,2.139198,428015923.0,4580663791.0,428107834.0,4580864712.0,934216740,Tel.,,,,,,,
92086015533,Escola T√®cnica Superior d'Enginyeria Industrial de Barcelona,Auditorium,Av,Diagonal,647,647.0,20,la Maternitat i Sant Ramon,4,Les Corts,8028,19,BARCELONA,413849,41.3849,2115258,2.115258,426025975.0,4581863596.0,426117867.0,4582064528.0,934016558,Tel.,Cinema,,,,,,
92086015533,Escola T√®cnica Superior d'Enginyeria Industrial de Barcelona,Auditorium,Av,Diagonal,647,647.0,20,la Maternitat i Sant Ramon,4,Les Corts,8028,19,BARCELONA,413849,41.3849,2115258,2.115258,426025975.0,4581863596.0,426117867.0,4582064528.0,934016700,Centraleta, ,,,,,,
92086015534,Escola T√®cnica Superior d'Enginyeria Industrial de Barcelona - UPC,Auditorium,Av,Diagonal,647,647.0,20,la Maternitat i Sant Ramon,4,Les Corts,8028,19,BARCELONA,41384899,41.384899,2115258,2.115258,426025967.0,4581863593.0,426117859.0,4582064525.0,934016615,Tel.,,,,,,,
92086015534,Escola T√®cnica Superior d'Enginyeria Industrial de Barcelona - UPC,Auditorium,Av,Diagonal,647,647.0,20,la Maternitat i Sant Ramon,4,Les Corts,8028,19,BARCELONA,41384899,41.384899,2115258,2.115258,426025967.0,4581863593.0,426117859.0,4582064525.0,934017155,Tel.,,,,,,,
92086026021,Espai Jove La B√†scula,Espai Jove,C,Foc,128,132.0,13,la Marina de Port,3,Sants-Montju√Øc,8038,19,BARCELONA,41358293,41.358293,2144328,2.144328,428427478.0,4578885433.0,428519393.0,4579086338.0,934224300,Tel.,,2020-09-01,2020-07-31,11.0,10:00:00,14:00:00, 
92086026021,Espai Jove La B√†scula,Espai Jove,C,Foc,128,132.0,13,la Marina de Port,3,Sants-Montju√Øc,8038,19,BARCELONA,41358293,41.358293,2144328,2.144328,428427478.0,4578885433.0,428519393.0,4579086338.0,934224300,Tel.,,2020-09-01,2020-07-31,11.0,16:00:00,22:00:00, 
92086026021,Espai Jove La B√†scula,Espai Jove,C,Foc,128,132.0,13,la Marina de Port,3,Sants-Montju√Øc,8038,19,BARCELONA,41358293,41.358293,2144328,2.144328,428427478.0,4578885433.0,428519393.0,4579086338.0,934224300,Tel.,,2020-09-01,2020-07-31,1111101.0,17:00:00,22:00:00, 
92086026021,Espai Jove La B√†scula,Espai Jove,C,Foc,128,132.0,13,la Marina de Port,3,Sants-Montju√Øc,8038,19,BARCELONA,41358293,41.358293,2144328,2.144328,428427478.0,4578885433.0,428519393.0,4579086338.0,682642116,Tel.,,2020-09-01,2020-07-31,11.0,10:00:00,14:00:00, 
92086026021,Espai Jove La B√†scula,Espai Jove,C,Foc,128,132.0,13,la Marina de Port,3,Sants-Montju√Øc,8038,19,BARCELONA,41358293,41.358293,2144328,2.144328,428427478.0,4578885433.0,428519393.0,4579086338.0,682642116,Tel.,,2020-09-01,2020-07-31,11.0,16:00:00,22:00:00, 
92086026021,Espai Jove La B√†scula,Espai Jove,C,Foc,128,132.0,13,la Marina de Port,3,Sants-Montju√Øc,8038,19,BARCELONA,41358293,41.358293,2144328,2.144328,428427478.0,4578885433.0,428519393.0,4579086338.0,682642116,Tel.,,2020-09-01,2020-07-31,1111101.0,17:00:00,22:00:00, 
92168152061,Centre Parroquial Roser - Secci√≥ Esportiva,Centre Parroquial,C,Ribes,69,69.0,5,el Fort Pienc,2,Eixample,8013,19,BARCELONA,41399683,41.399683,218394,2.18394,431784035.0,4583448.46,431875.98,4583649408.0,932450073,Tel., ,,,,,,
92168152612,Teatre T√≠voli,Teatre,C,Casp,8,10.0,7,la Dreta de Eixample,2,Eixample,8010,19,BARCELONA,41389084,41.389084,2170747,2.170747,430669938.0,4582282224.0,430761873.0,4582483161.0,934122063,Tel.,,,,,,,
92168152612,Teatre T√≠voli,Teatre,C,Casp,8,10.0,7,la Dreta de Eixample,2,Eixample,8010,19,BARCELONA,41389084,41.389084,2170747,2.170747,430669938.0,4582282224.0,430761873.0,4582483161.0,902332211,Tel.,,,,,,,
92168152612,Teatre T√≠voli,Teatre,C,Casp,8,10.0,7,la Dreta de Eixample,2,Eixample,8010,19,BARCELONA,41389084,41.389084,2170747,2.170747,430669938.0,4582282224.0,430761873.0,4582483161.0,933186045,Fax,,,,,,,
92168176499,Sala Beckett - Obrador Internacional de Dramat√∫rgia,Teatre,C,Pere IV,228,232.0,68,el Poblenou,10,Sant Mart√≠,8005,19,BARCELONA,41404734,41.404734,2199461,2.199461,433086661.0,4583997096.0,433178617.0,4584198049.0,932845312,Tel.,,,,,,,
92168176499,Sala Beckett - Obrador Internacional de Dramat√∫rgia,Teatre,C,Pere IV,228,232.0,68,el Poblenou,10,Sant Mart√≠,8005,19,BARCELONA,41404734,41.404734,2199461,2.199461,433086661.0,4583997096.0,433178617.0,4584198049.0,932197927,Fax,,,,,,,
92168176523,Teatre del  Raval,Teatre,C,Sant Antoni Abat,12,12.0,1,el Raval,1,Ciutat Vella,8001,19,BARCELONA,41379404,41.379404,2165241,2.165241,430199272.0,4581212059.0,430291203.0,4581412986.0,934433999,Taquilles,,2020-01-01,2020-12-31,11.0,08:00:00,15:00:00,Horari d'oficines
93132124245,Escuela Suiza,Teatre,C,Alfons XII,95,105.0,26,Sant Gervasi - Galvany,5,Sarri√†-Sant Gervasi,8006,19,BARCELONA,41401212,41.401212,2146372,2.146372,428645333.0,4583648491.0,428737249.0,4583849.44,932096544,Tel.,,,,,,,
93132124245,Escuela Suiza,Teatre,C,Alfons XII,95,105.0,26,Sant Gervasi - Galvany,5,Sarri√†-Sant Gervasi,8006,19,BARCELONA,41401212,41.401212,2146372,2.146372,428645333.0,4583648491.0,428737249.0,4583849.44,932096965,Fax,,,,,,,
93196143039,Centre Educatiu Escola Pia Balmes,Teatre,C,Balmes,208,208.0,26,Sant Gervasi - Galvany,5,Sarri√†-Sant Gervasi,8006,19,BARCELONA,4139783,41.39783,2151887,2.151887,429102704.0,4583268551.0,429194624.0,4583469496.0,932178612,Tel.,,,,,,,
93196143039,Centre Educatiu Escola Pia Balmes,Teatre,C,Balmes,208,208.0,26,Sant Gervasi - Galvany,5,Sarri√†-Sant Gervasi,8006,19,BARCELONA,4139783,41.39783,2151887,2.151887,429102704.0,4583268551.0,429194624.0,4583469496.0,932376515,Fax,,,,,,,
93201200711,"Centre Educatiu Jes√∫s, Maria i Josep",Teatre,C,Sant Sebasti√†,55,55.0,60,Sant Andreu,9,Sant Andreu,8030,19,BARCELONA,41428624,41.428624,2191888,2.191888,432478405.0,4586655199.0,432570355.0,4586856177.0,932741557,Fax,,,,,,,
93201200711,"Centre Educatiu Jes√∫s, Maria i Josep",Teatre,C,Sant Sebasti√†,55,55.0,60,Sant Andreu,9,Sant Andreu,8030,19,BARCELONA,41428624,41.428624,2191888,2.191888,432478405.0,4586655199.0,432570355.0,4586856177.0,933112161,Tel.,,,,,,,
93202181153,Centre Educatiu Sagrat Cor Bes√≤s,Teatre,C,Llu√≠s Borrass√†,16,16.0,70,el Bes√≤s i el Maresme,10,Sant Mart√≠,8019,19,BARCELONA,41415533,41.415533,2218296,2.218296,434671854.0,4585181607.0,434763825.0,4585382572.0,934980050,Fax,,,,,,,
93202181153,Centre Educatiu Sagrat Cor Bes√≤s,Teatre,C,Llu√≠s Borrass√†,16,16.0,70,el Bes√≤s i el Maresme,10,Sant Mart√≠,8019,19,BARCELONA,41415533,41.415533,2218296,2.218296,434671854.0,4585181607.0,434763825.0,4585382572.0,933052201,Tel.,,,,,,,
93280123622,Edifici Palau de la Generalitat,Auditorium,Pl,Sant Jaume,4,4.0,2,el Barri G√≤tic,1,Ciutat Vella,8002,19,BARCELONA,41382837,41.382837,2176826,2.176826,431171647.0,4581583924.0,431263586.0,4581784854.0,934024600,Centraleta,,,,,,,
95122123236,Gl√≤ries Multicines,Cinema,Av,Diagonal,208,208.0,66,el Parc i la Llacuna del Poblenou,10,Sant Mart√≠,8018,19,BARCELONA,41404975,41.404975,2192529,2.192529,432507557.0,4584029296.0,432599508.0,4584230249.0,902424243,Tel.,Venda d'entrades,,,,,,
95122123236,Gl√≤ries Multicines,Cinema,Av,Diagonal,208,208.0,66,el Parc i la Llacuna del Poblenou,10,Sant Mart√≠,8018,19,BARCELONA,41404975,41.404975,2192529,2.192529,432507557.0,4584029296.0,432599508.0,4584230249.0,934860163,Fax,,,,,,,
95122123236,Gl√≤ries Multicines,Cinema,Av,Diagonal,208,208.0,66,el Parc i la Llacuna del Poblenou,10,Sant Mart√≠,8018,19,BARCELONA,41404975,41.404975,2192529,2.192529,432507557.0,4584029296.0,432599508.0,4584230249.0,934860511,Tel.,,,,,,,
96143183229,Mercat de les Flors Centre de les Arts de Moviment,Teatre,C,Lleida,59,59.0,11,el Poble-sec,3,Sants-Montju√Øc,8004,19,BARCELONA,41370538,41.370538,215728,2.15728,429524018.0,4580234161.0,429615943.0,4580435078.0,934261875,Tel.,,,,,,,
96143183229,Mercat de les Flors Centre de les Arts de Moviment,Teatre,C,Lleida,59,59.0,11,el Poble-sec,3,Sants-Montju√Øc,8004,19,BARCELONA,41370538,41.370538,215728,2.15728,429524018.0,4580234161.0,429615943.0,4580435078.0,934260106,Fax,,,,,,,
96348200713,Centre Educatiu Jesu√Øtes Casp ¬ñ Sagrat Cor de Jes√∫s,Teatre,C,Casp,25,25.0,7,la Dreta de Eixample,2,Eixample,8010,19,BARCELONA,41390031,41.390031,2171399,2.171399,430725468.0,4582386931.0,430817403.0,4582587869.0,933183704,Tel.,,,,,,,
96348200713,Centre Educatiu Jesu√Øtes Casp ¬ñ Sagrat Cor de Jes√∫s,Teatre,C,Casp,25,25.0,7,la Dreta de Eixample,2,Eixample,8010,19,BARCELONA,41390031,41.390031,2171399,2.171399,430725468.0,4582386931.0,430817403.0,4582587869.0,933170426,Fax,,,,,,,
96351192937,Escola T√®cnico-Professional Xavier,Teatre,C,Mercaders,32,32.0,4,"Sant Pere, Santa Caterina i la Ribera",1,Ciutat Vella,8003,19,BARCELONA,41385737,41.385737,2177649,2.177649,431243475.0,4581905158.0,431335415.0,4582106091.0,933191700,Tel.,,,,,,,
96351192937,Escola T√®cnico-Professional Xavier,Teatre,C,Mercaders,32,32.0,4,"Sant Pere, Santa Caterina i la Ribera",1,Ciutat Vella,8003,19,BARCELONA,41385737,41.385737,2177649,2.177649,431243475.0,4581905158.0,431335415.0,4582106091.0,932684661,Fax,,,,,,,
96351193109,Escola T√®cnico-Professional Xavier,Cinema,C,Mercaders,32,32.0,4,"Sant Pere, Santa Caterina i la Ribera",1,Ciutat Vella,8003,19,BARCELONA,41385737,41.385737,2177649,2.177649,431243475.0,4581905158.0,431335415.0,4582106091.0,932684661,Fax,,,,,,,
96351193109,Escola T√®cnico-Professional Xavier,Cinema,C,Mercaders,32,32.0,4,"Sant Pere, Santa Caterina i la Ribera",1,Ciutat Vella,8003,19,BARCELONA,41385737,41.385737,2177649,2.177649,431243475.0,4581905158.0,431335415.0,4582106091.0,933191700,Tel.,,,,,,,
96354201943,Cinemes Meli√®s,Cinema,C,Villarroel,102,102.0,8,l'Antiga Esquerra de l'Eixample,2,Eixample,8011,19,BARCELONA,41385216,41.385216,2156993,2.156993,429515.84,4581863899.0,429607764.0,4582064832.0,934510051,Tel.,,,,,,,
97035175013,Facultat de Ci√®ncies Econ√≤miques i Empresarials - UPF,Auditorium,C,Ramon Trias Fargas,23,25.0,67,la Vila Ol√≠mpica del Poblenou,10,Sant Mart√≠,8005,19,BARCELONA,41389246,41.389246,2190991,2.190991,432362694.0,4582284291.0,432454644.0,4582485228.0,935421700,Tel.,,,,,,,
97038152958,Centre Educatiu Maria Auxiliadora,Teatre,C,Sep√∫lveda,71,71.0,10,Sant Antoni,2,Eixample,8015,19,BARCELONA,413785,41.3785,2156053,2.156053,429430.05,4581119067.0,429521974.0,4581319993.0,934232657,Fax,,,,,,,
97038152958,Centre Educatiu Maria Auxiliadora,Teatre,C,Sep√∫lveda,71,71.0,10,Sant Antoni,2,Eixample,8015,19,BARCELONA,413785,41.3785,2156053,2.156053,429430.05,4581119067.0,429521974.0,4581319993.0,933257712,Tel.,,,,,,,
97038210711,Centre Educatiu Lestonnac,Teatre,C,Pau Claris,131,131.0,7,la Dreta de Eixample,2,Eixample,8009,19,BARCELONA,41392866,41.392866,2166816,2.166816,430345.36,4582705289.0,430437291.0,4582906.23,932159900,Tel.,,,,,,,
97038210711,Centre Educatiu Lestonnac,Teatre,C,Pau Claris,131,131.0,7,la Dreta de Eixample,2,Eixample,8009,19,BARCELONA,41392866,41.392866,2166816,2.166816,430345.36,4582705289.0,430437291.0,4582906.23,934873693,Fax,,,,,,,
97041174204,Centre Educatiu La Salle Bonanova,Teatre,Pg,Bonanova,8,8.0,25,Sant Gervasi - la Bonanova,5,Sarri√†-Sant Gervasi,8022,19,BARCELONA,4140624,41.40624,2132496,2.132496,427490.99,4584218182.0,427582895.0,4584419136.0,932540950,Tel.,,,,,,,
97041174204,Centre Educatiu La Salle Bonanova,Teatre,Pg,Bonanova,8,8.0,25,Sant Gervasi - la Bonanova,5,Sarri√†-Sant Gervasi,8022,19,BARCELONA,4140624,41.40624,2132496,2.132496,427490.99,4584218182.0,427582895.0,4584419136.0,932540994,Fax,,,,,,,
97069112423,Lluna Pruna - Teatre Moriqueta,Teatre,Av,Gaud√≠,13,13.0,6,la Sagrada Fam√≠lia,2,Eixample,8025,19,BARCELONA,41405369,41.405369,2174284,2.174284,430982901.0,4584087404.0,431074838.0,4584288358.0,934563809,Fax,,,,,,,
97069112423,Lluna Pruna - Teatre Moriqueta,Teatre,Av,Gaud√≠,13,13.0,6,la Sagrada Fam√≠lia,2,Eixample,8025,19,BARCELONA,41405369,41.405369,2174284,2.174284,430982901.0,4584087404.0,431074838.0,4584288358.0,934563809,Tel.,,,,,,,
97239174457,Teatre Poliorama,Teatre,C,Rambla,115,115.0,1,el Raval,1,Ciutat Vella,8002,19,BARCELONA,41384175,41.384175,2170749,2.170749,430664915.0,4581737327.0,430756.85,4581938259.0,933177599,Tel.,,,,,,,
97314144540,Teatre Nacional de Catalunya,Teatre,Pl,Arts,1,1.0,5,el Fort Pienc,2,Eixample,8013,19,BARCELONA,41399717,41.399717,2186113,2.186113,431965778.0,4583450566.0,432057724.0,4583651514.0,933065701,Fax,,,,,,,
97314144540,Teatre Nacional de Catalunya,Teatre,Pl,Arts,1,1.0,5,el Fort Pienc,2,Eixample,8013,19,BARCELONA,41399717,41.399717,2186113,2.186113,431965778.0,4583450566.0,432057724.0,4583651514.0,933065700,Tel.,,,,,,,
97315093216,Teatre Nacional de Catalunya,Teatre,Pl,Arts,1,1.0,5,el Fort Pienc,2,Eixample,8013,19,BARCELONA,41399717,41.399717,2186113,2.186113,431965778.0,4583450566.0,432057724.0,4583651514.0,933065701,Fax,,,,,,,
97315093216,Teatre Nacional de Catalunya,Teatre,Pl,Arts,1,1.0,5,el Fort Pienc,2,Eixample,8013,19,BARCELONA,41399717,41.399717,2186113,2.186113,431965778.0,4583450566.0,432057724.0,4583651514.0,933065700,Tel.,,,,,,,
97315093326,Teatre Nacional de Catalunya,Teatre,Pl,Arts,1,1.0,5,el Fort Pienc,2,Eixample,8013,19,BARCELONA,41399717,41.399717,2186113,2.186113,431965778.0,4583450566.0,432057724.0,4583651514.0,933065701,Fax,,,,,,,
97315093326,Teatre Nacional de Catalunya,Teatre,Pl,Arts,1,1.0,5,el Fort Pienc,2,Eixample,8013,19,BARCELONA,41399717,41.399717,2186113,2.186113,431965778.0,4583450566.0,432057724.0,4583651514.0,933065700,Tel.,,,,,,,
97330132911,Mercat de les Flors Centre de les Arts de Moviment,Teatre,C,Lleida,59,59.0,11,el Poble-sec,3,Sants-Montju√Øc,8004,19,BARCELONA,41370538,41.370538,215728,2.15728,429524018.0,4580234161.0,429615943.0,4580435078.0,934260106,Fax,,,,,,,
97330132911,Mercat de les Flors Centre de les Arts de Moviment,Teatre,C,Lleida,59,59.0,11,el Poble-sec,3,Sants-Montju√Øc,8004,19,BARCELONA,41370538,41.370538,215728,2.15728,429524018.0,4580234161.0,429615943.0,4580435078.0,934261875,Tel.,,,,,,,
97331100216,Centre Educatiu Salesi√† de Sant Josep,Teatre,C,Rocafort,42,42.0,10,Sant Antoni,2,Eixample,8015,19,BARCELONA,4137744,41.37744,2156006,2.156006,429424979.0,4581001526.0,429516903.0,4581202.45,934231234,Tel.,,,,,,,
97331100216,Centre Educatiu Salesi√† de Sant Josep,Teatre,C,Rocafort,42,42.0,10,Sant Antoni,2,Eixample,8015,19,BARCELONA,4137744,41.37744,2156006,2.156006,429424979.0,4581001526.0,429516903.0,4581202.45,934260303,Fax,,,,,,,
98083181348,Cinemes Boliche,Cinema,Av,Diagonal,508,510.0,26,Sant Gervasi - Galvany,5,Sarri√†-Sant Gervasi,8006,19,BARCELONA,41395336,41.395336,2153715,2.153715,429252745.0,4582990127.0,429344666.0,4583191.07,936243127,Tel.,,,,,,,
98097151404,L'Auditori de Barcelona,Auditori,C,Lepant,150,150.0,5,el Fort Pienc,2,Eixample,8013,19,BARCELONA,41398772,41.398772,2185167,2.185167,431885701.0,4583346373.0,431977647.0,4583547.32,932479300,Centraleta,,,,,,,
98168154622,Palau Sant Jordi,Estadi,Pg,Ol√≠mpic,5,7.0,11,el Poble-sec,3,Sants-Montju√Øc,8038,19,BARCELONA,41362,41.362,2152404,2.152404,429106997.0,4579290246.0,429198918.0,4579491155.0,934262089,Tel.,,,,,,,
98177122546,Cinemes Lauren *Universitat,Cinema,C,Pelai,8,8.0,1,el Raval,1,Ciutat Vella,8001,19,BARCELONA,41385799,41.385799,2165306,2.165306,430211599.0,4581921891.0,430303529.0,4582122824.0,934121796,Tel.,,,,,,,
98177122546,Cinemes Lauren *Universitat,Cinema,C,Pelai,8,8.0,1,el Raval,1,Ciutat Vella,8001,19,BARCELONA,41385799,41.385799,2165306,2.165306,430211599.0,4581921891.0,430303529.0,4582122824.0,933179054,Fax,,,,,,,
98197085714,Teatre Nacional de Catalunya,Sala Tallers,Pl,Arts,1,1.0,5,el Fort Pienc,2,Eixample,8013,19,BARCELONA,41399717,41.399717,2186113,2.186113,431965778.0,4583450566.0,432057724.0,4583651514.0,933065701,Fax,,,,,,,
98197085714,Teatre Nacional de Catalunya,Sala Tallers,Pl,Arts,1,1.0,5,el Fort Pienc,2,Eixample,8013,19,BARCELONA,41399717,41.399717,2186113,2.186113,431965778.0,4583450566.0,432057724.0,4583651514.0,933065700,Tel.,,,,,,,
98357090249,Auditori Universitat Pompeu Fabra *R T Fargas,Auditorium,C,Ramon Trias Fargas,23,23.0,67,la Vila Ol√≠mpica del Poblenou,10,Sant Mart√≠,8005,19,BARCELONA,41389246,41.389246,2190991,2.190991,432362694.0,4582284291.0,432454644.0,4582485228.0,935421738,Tel.,,,,,,,
99026100242,Centre C√≠vic Tomasa Cuevas - Les Corts,Auditori,C,Dolors Masferrer i Bosch,33,35.0,19,les Corts,4,Les Corts,8028,19,BARCELONA,41384818,41.384818,212835,2.12835,427120.53,4581843477.0,427212432.0,4582044409.0,932916462,Tel.,,,,,,,
99113100133,Centre C√≠vic Zona Nord,Centre Civic,C,Vallcivera,14,14.0,55,Ciutat Meridiana,8,Nou Barris,8033,19,BARCELONA,414607,41.4607,2178374,2.178374,431383056.0,4590226956.0,431474995.0,4590427966.0,932562900,Tel.,,,,,,,
99113100133,Centre C√≠vic Zona Nord,Centre Civic,C,Vallcivera,14,14.0,55,Ciutat Meridiana,8,Nou Barris,8033,19,BARCELONA,414607,41.4607,2178374,2.178374,431383056.0,4590226956.0,431474995.0,4590427966.0,932769951,Fax,,,,,,,
99180125327,Cinesa Diagonal *C. L√∫dic Diagonal,Cinema,C,Santa Fe de Nou M√®xic,18,18.0,26,Sant Gervasi - Galvany,5,Sarri√†-Sant Gervasi,8017,19,BARCELONA,413943,41.3943,2137385,2.137385,427886436.0,4582888532.0,427978345.0,4583089474.0,902333231,Tel.,Venda d'entrades,,,,,,
99202125322,Teatreneu Multisales,Teatre,C,Terol,26,26.0,31,la Vila de Gr√†cia,6,Gr√†cia,8012,19,BARCELONA,41403283,41.403283,2158588,2.158588,429668746.0,4583868413.0,429760671.0,4584069364.0,932853712,Tel.,,,,,,,
99202125322,Teatreneu Multisales,Teatre,C,Terol,26,26.0,31,la Vila de Gr√†cia,6,Gr√†cia,8012,19,BARCELONA,41403283,41.403283,2158588,2.158588,429668746.0,4583868413.0,429760671.0,4584069364.0,932843087,Fax,,,,,,,
99202125502,Teatreneu Multisales,Teatre,C,Terol,26,26.0,31,la Vila de Gr√†cia,6,Gr√†cia,8012,19,BARCELONA,41403283,41.403283,2158588,2.158588,429668746.0,4583868413.0,429760671.0,4584069364.0,932853712,Tel.,,,,,,,
99202125502,Teatreneu Multisales,Teatre,C,Terol,26,26.0,31,la Vila de Gr√†cia,6,Gr√†cia,8012,19,BARCELONA,41403283,41.403283,2158588,2.158588,429668746.0,4583868413.0,429760671.0,4584069364.0,932843087,Fax,,,,,,,
99217141611,Gran Sarri√† Multicines,Cinema,Rda,General Mitre,34,38.0,24,les Tres Torres,5,Sarri√†-Sant Gervasi,8017,19,BARCELONA,41393863,41.393863,2133221,2.133221,427537856.0,4582843579.0,427629762.0,4583044.52,902424243,Tel.,Venda d'entrades,,,,,,
99217141611,Gran Sarri√† Multicines,Cinema,Rda,General Mitre,34,38.0,24,les Tres Torres,5,Sarri√†-Sant Gervasi,8017,19,BARCELONA,41393863,41.393863,2133221,2.133221,427537856.0,4582843579.0,427629762.0,4583044.52,932007311,Fax,,,,,,,
99217141611,Gran Sarri√† Multicines,Cinema,Rda,General Mitre,34,38.0,24,les Tres Torres,5,Sarri√†-Sant Gervasi,8017,19,BARCELONA,41393863,41.393863,2133221,2.133221,427537856.0,4582843579.0,427629762.0,4583044.52,932095658,Tel.,,,,,,,
99400025390,Institut Fran√ßais de Barcelone,Espai Escenic,C,Moi√†,8,8.0,26,Sant Gervasi - Galvany,5,Sarri√†-Sant Gervasi,8006,19,BARCELONA,41395283,41.395283,2151803,2.151803,429092912.0,4582985787.0,429184832.0,4583186.73,932006661,Fax,,,,,,,
99400025390,Institut Fran√ßais de Barcelone,Espai Escenic,C,Moi√†,8,8.0,26,Sant Gervasi - Galvany,5,Sarri√†-Sant Gervasi,8006,19,BARCELONA,41395283,41.395283,2151803,2.151803,429092912.0,4582985787.0,429184832.0,4583186.73,935677777,Tel.,,,,,,,
99400027415,Centre C√≠vic Cotxeres de Sants,Centre Civic,C,Sants,79,83.0,18,Sants,3,Sants-Montju√Øc,8014,19,BARCELONA,41375298,41.375298,2136906,2.136906,427825387.0,4580779399.0,427917296.0,4580980321.0,932918730,Fax,,,,,,,
99400027415,Centre C√≠vic Cotxeres de Sants,Centre Civic,C,Sants,79,83.0,18,Sants,3,Sants-Montju√Øc,8014,19,BARCELONA,41375298,41.375298,2136906,2.136906,427825387.0,4580779399.0,427917296.0,4580980321.0,932918701,Tel.,,,,,,,
99400038445,Centre C√≠vic Cotxeres Borrell,Centre Civic,C,Viladomat,2,8.0,10,Sant Antoni,2,Eixample,8015,19,BARCELONA,41375597,41.375597,2162957,2.162957,430004242.0,4580791177.0,430096171.0,4580992.1,933248351,Fax,,2020-10-01,2020-06-30,11.0,09:00:00,22:00:00, 
99400038445,Centre C√≠vic Cotxeres Borrell,Centre Civic,C,Viladomat,2,8.0,10,Sant Antoni,2,Eixample,8015,19,BARCELONA,41375597,41.375597,2162957,2.162957,430004242.0,4580791177.0,430096171.0,4580992.1,933248351,Fax,,2020-10-01,2020-06-30,1111101.0,16:00:00,20:00:00, 
99400038445,Centre C√≠vic Cotxeres Borrell,Centre Civic,C,Viladomat,2,8.0,10,Sant Antoni,2,Eixample,8015,19,BARCELONA,41375597,41.375597,2162957,2.162957,430004242.0,4580791177.0,430096171.0,4580992.1,933248351,Fax,,2020-10-01,2020-06-30,1111101.0,10:00:00,14:00:00, 
99400038445,Centre C√≠vic Cotxeres Borrell,Centre Civic,C,Viladomat,2,8.0,10,Sant Antoni,2,Eixample,8015,19,BARCELONA,41375597,41.375597,2162957,2.162957,430004242.0,4580791177.0,430096171.0,4580992.1,933248351,Fax,,2020-07-01,2020-07-29,11.0,09:00:00,22:00:00, 
99400038445,Centre C√≠vic Cotxeres Borrell,Centre Civic,C,Viladomat,2,8.0,10,Sant Antoni,2,Eixample,8015,19,BARCELONA,41375597,41.375597,2162957,2.162957,430004242.0,4580791177.0,430096171.0,4580992.1,933248351,Fax,,2020-08-30,2020-09-30,11.0,09:00:00,22:00:00, 
99400038445,Centre C√≠vic Cotxeres Borrell,Centre Civic,C,Viladomat,2,8.0,10,Sant Antoni,2,Eixample,8015,19,BARCELONA,41375597,41.375597,2162957,2.162957,430004242.0,4580791177.0,430096171.0,4580992.1,933248350,Tel.,,2020-10-01,2020-06-30,11.0,09:00:00,22:00:00, 
99400038445,Centre C√≠vic Cotxeres Borrell,Centre Civic,C,Viladomat,2,8.0,10,Sant Antoni,2,Eixample,8015,19,BARCELONA,41375597,41.375597,2162957,2.162957,430004242.0,4580791177.0,430096171.0,4580992.1,933248350,Tel.,,2020-10-01,2020-06-30,1111101.0,16:00:00,20:00:00, 
99400038445,Centre C√≠vic Cotxeres Borrell,Centre Civic,C,Viladomat,2,8.0,10,Sant Antoni,2,Eixample,8015,19,BARCELONA,41375597,41.375597,2162957,2.162957,430004242.0,4580791177.0,430096171.0,4580992.1,933248350,Tel.,,2020-10-01,2020-06-30,1111101.0,10:00:00,14:00:00, 
99400038445,Centre C√≠vic Cotxeres Borrell,Centre Civic,C,Viladomat,2,8.0,10,Sant Antoni,2,Eixample,8015,19,BARCELONA,41375597,41.375597,2162957,2.162957,430004242.0,4580791177.0,430096171.0,4580992.1,933248350,Tel.,,2020-07-01,2020-07-29,11.0,09:00:00,22:00:00, 
99400038445,Centre C√≠vic Cotxeres Borrell,Centre Civic,C,Viladomat,2,8.0,10,Sant Antoni,2,Eixample,8015,19,BARCELONA,41375597,41.375597,2162957,2.162957,430004242.0,4580791177.0,430096171.0,4580992.1,933248350,Tel.,,2020-08-30,2020-09-30,11.0,09:00:00,22:00:00, 
99400055624,Associaci√≥ Catalana per la Integraci√≥ i el Desenvolupament Hum√†,Teatre,C,Siracusa,53,53.0,31,la Vila de Gr√†cia,6,Gr√†cia,8012,19,BARCELONA,41402075,41.402075,2161057,2.161057,429873765.0,4583732.34,429965692.0,4583933.29,932859977,Centraleta,,,,,,,
99400055624,Associaci√≥ Catalana per la Integraci√≥ i el Desenvolupament Hum√†,Teatre,C,Siracusa,53,53.0,31,la Vila de Gr√†cia,6,Gr√†cia,8012,19,BARCELONA,41402075,41.402075,2161057,2.161057,429873765.0,4583732.34,429965692.0,4583933.29,932859978,Fax,,,,,,,
99400061518,Centre d'Estudis i Recursos Culturals - Pati Manning,Auditori estudi,C,Montalegre,7,7.0,1,el Raval,1,Ciutat Vella,8001,19,BARCELONA,41383914,41.383914,2166821,2.166821,430336.21,4581711455.0,430428142.0,4581912386.0,934022577,Fax,,,,,,,
99400061518,Centre d'Estudis i Recursos Culturals - Pati Manning,Auditori estudi,C,Montalegre,7,7.0,1,el Raval,1,Ciutat Vella,8001,19,BARCELONA,41383914,41.383914,2166821,2.166821,430336.21,4581711455.0,430428142.0,4581912386.0,934022565,Tel.,,,,,,,
99400063278,Museu d'Art Contemporani de Barcelona,Auditori,Pl,√Ängels,1,1.0,1,el Raval,1,Ciutat Vella,8001,19,BARCELONA,41383177,41.383177,2167857,2.167857,430422015.0,4581628792.0,430513948.0,4581829723.0,934121270,Tel.,,,,,,,
99400063278,Museu d'Art Contemporani de Barcelona,Auditori,Pl,√Ängels,1,1.0,1,el Raval,1,Ciutat Vella,8001,19,BARCELONA,41383177,41.383177,2167857,2.167857,430422015.0,4581628792.0,430513948.0,4581829723.0,934120810,Tel.,,,,,,,
99400063278,Museu d'Art Contemporani de Barcelona,Auditori,Pl,√Ängels,1,1.0,1,el Raval,1,Ciutat Vella,8001,19,BARCELONA,41383177,41.383177,2167857,2.167857,430422015.0,4581628792.0,430513948.0,4581829723.0,934124602,Fax,,,,,,,
99400065683,Museu Etnol√≤gic i de Cultures del M√≥n *Parc Montju√Øc,Sala de Confer√®ncies,Pg,Santa Madrona,16,22.0,11,el Poble-sec,3,Sants-Montju√Øc,8038,19,BARCELONA,41369093,41.369093,2156009,2.156009,429416.2,4580074817.0,429508124.0,4580275733.0,934237364,Fax,,,,,,,
99400065683,Museu Etnol√≤gic i de Cultures del M√≥n *Parc Montju√Øc,Sala de Confer√®ncies,Pg,Santa Madrona,16,22.0,11,el Poble-sec,3,Sants-Montju√Øc,8038,19,BARCELONA,41369093,41.369093,2156009,2.156009,429416.2,4580074817.0,429508124.0,4580275733.0,934246807,Tel.,,,,,,,
99400073713,Mercat de les Flors Centre de les Arts de Moviment,Teatre,Pl,Margarida Xirgu,1,1.0,11,el Poble-sec,3,Sants-Montju√Øc,8004,19,BARCELONA,41370679,41.370679,2157457,2.157457,429539.01,4580249.69,429630935.0,4580450608.0,934261875,Tel.,,,,,,,
99400103488,Sex Shop Center,#,C,Rambla,17,17.0,1,el Raval,1,Ciutat Vella,8002,19,BARCELONA,41378037,41.378037,2175652,2.175652,431068358.0,4581051949.0,431160297.0,4581252874.0,933177058,Tel.,,,,,,,
99400103496,Sex Shop Ronda Universidad 23,#,Rda,Universitat,23,23.0,7,la Dreta de Eixample,2,Eixample,8007,19,BARCELONA,4138691,41.38691,2166805,2.166805,430338072.0,4582044112.0,430430004.0,4582245046.0,934124073,Tel.,,,,,,,
99400103496,Sex Shop Ronda Universidad 23,#,Rda,Universitat,23,23.0,7,la Dreta de Eixample,2,Eixample,8007,19,BARCELONA,4138691,41.38691,2166805,2.166805,430338072.0,4582044112.0,430430004.0,4582245046.0,934126522,Tel.,,,,,,,
99400108472,Escola Cavall Bernat,Teatre,Rbla,Badal,113,113.0,16,la Bordeta,3,Sants-Montju√Øc,8014,19,BARCELONA,41371053,41.371053,2131954,2.131954,427406582.0,4580312315.0,427498487.0,4580513233.0,933322930,Fax,,,,,,,
99400108472,Escola Cavall Bernat,Teatre,Rbla,Badal,113,113.0,16,la Bordeta,3,Sants-Montju√Øc,8014,19,BARCELONA,41371053,41.371053,2131954,2.131954,427406582.0,4580312315.0,427498487.0,4580513233.0,933322930,Tel.,,,,,,,
99400108595,"Casal Cat√≤lic de Sant Andreu - √Äntic Casino El Progr√©s""""",Teatre,C,Pons i Gallarza,58,60.0,60,Sant Andreu,9,Sant Andreu,8030,19,BARCELONA,41435729,41.435729,2186502,2.186502,432035824.0,4587448257.0,432127.77,4587649242.0,933453001,Tel.,,,,,,,
99400142206,La Puntual. Putxinel.lis de Barcelona,Teatre,C,Allada-Vermell,15,15.0,4,"Sant Pere, Santa Caterina i la Ribera",1,Ciutat Vella,8003,19,BARCELONA,4138681,41.38681,2181287,2.181287,431548807.0,4582021478.0,431640.75,4582222413.0,639305353,Tel.,,,,,,,
99400154737,La Perla 29,Teatre,C,Torrent d'en Vidalet,21,21.0,31,la Vila de Gr√†cia,6,Gr√†cia,8012,19,BARCELONA,41403836,41.403836,2159585,2.159585,429752682.0,4583928.99,429844608.0,4584129942.0,934151794,Tel.,,,,,,,
99400154737,La Perla 29,Teatre,C,Torrent d'en Vidalet,21,21.0,31,la Vila de Gr√†cia,6,Gr√†cia,8012,19,BARCELONA,41403836,41.403836,2159585,2.159585,429752682.0,4583928.99,429844608.0,4584129942.0,932171770,Tel.,,,,,,,
99400164747,Recursos d'Animaci√≥ Intercultural RAI,Espai Escenic,C,Carders,12,12.0,4,"Sant Pere, Santa Caterina i la Ribera",1,Ciutat Vella,8003,19,BARCELONA,41386117,41.386117,2180275,2.180275,431463421.0,4581945316.0,431555363.0,4582146.25,932681321,Tel.,,,,,,,
99400164748,Antic Teatre - Espai de Creaci√≥,Teatre,C,Verdaguer i Call√≠s,12,12.0,4,"Sant Pere, Santa Caterina i la Ribera",1,Ciutat Vella,8003,19,BARCELONA,41387168,41.387168,2175918,2.175918,431100264.0,4582065456.0,431192203.0,4582266391.0,933152354,Fax,,,,,,,
99400164748,Antic Teatre - Espai de Creaci√≥,Teatre,C,Verdaguer i Call√≠s,12,12.0,4,"Sant Pere, Santa Caterina i la Ribera",1,Ciutat Vella,8003,19,BARCELONA,41387168,41.387168,2175918,2.175918,431100264.0,4582065456.0,431192203.0,4582266391.0,933152354,Tel.,,,,,,,
99400164758,Centre C√≠vic Can Felipa,Teatre,Pl,Josep M. Huertas Claveria,1,1.0,68,el Poblenou,10,Sant Mart√≠,8005,19,BARCELONA,41403679,41.403679,2200518,2.200518,433173942.0,4583879223.0,433265899.0,4584080175.0,932664201,Fax,,,,,,,
99400164758,Centre C√≠vic Can Felipa,Teatre,Pl,Josep M. Huertas Claveria,1,1.0,68,el Poblenou,10,Sant Mart√≠,8005,19,BARCELONA,41403679,41.403679,2200518,2.200518,433173942.0,4583879223.0,433265899.0,4584080175.0,932563840,Centraleta,,,,,,,
99400164759,Centre Cultural La Farinera del Clot,Teatre,G.V.,Corts Catalanes,837,837.0,65,el Clot,10,Sant Mart√≠,8018,19,BARCELONA,41404946,41.404946,2188469,2.188469,432168.18,4584029215.0,432260128.0,4584230168.0,932918080,Tel.,,,,,,,
99400164971,Centre Cultural La Casa Elizalde,Teatre,C,Val√®ncia,302,302.0,7,la Dreta de Eixample,2,Eixample,8009,19,BARCELONA,41394518,41.394518,2165909,2.165909,430271281.0,4582889477.0,430363212.0,4583090419.0,934880590,Tel.,,,,,,,
99400164971,Centre Cultural La Casa Elizalde,Teatre,C,Val√®ncia,302,302.0,7,la Dreta de Eixample,2,Eixample,8009,19,BARCELONA,41394518,41.394518,2165909,2.165909,430271281.0,4582889477.0,430363212.0,4583090419.0,934875275,Fax,,,,,,,
99400165038,Centre Artes√† Tradicion√†rius,Espai Escenic,Trvs,Sant Antoni,6,8.0,31,la Vila de Gr√†cia,6,Gr√†cia,8012,19,BARCELONA,41402544,41.402544,2154721,2.154721,429344688.0,4583789569.0,429436.61,4583990519.0,934155581,Fax,,,,,,,
99400165038,Centre Artes√† Tradicion√†rius,Espai Escenic,Trvs,Sant Antoni,6,8.0,31,la Vila de Gr√†cia,6,Gr√†cia,8012,19,BARCELONA,41402544,41.402544,2154721,2.154721,429344688.0,4583789569.0,429436.61,4583990519.0,932184485,Tel.,,,,,,,
99400175200,Teatreneu Multisales,Teatre,C,Terol,26,26.0,31,la Vila de Gr√†cia,6,Gr√†cia,8012,19,BARCELONA,41403283,41.403283,2158588,2.158588,429668746.0,4583868413.0,429760671.0,4584069364.0,932843087,Fax,,,,,,,
99400175200,Teatreneu Multisales,Teatre,C,Terol,26,26.0,31,la Vila de Gr√†cia,6,Gr√†cia,8012,19,BARCELONA,41403283,41.403283,2158588,2.158588,429668746.0,4583868413.0,429760671.0,4584069364.0,932853712,Tel.,,,,,,,
99400179259,Sala El Molino,Sala Concerts,C,Vila i Vil√†,99,99.0,11,el Poble-sec,3,Sants-Montju√Øc,8004,19,BARCELONA,41374585,41.374585,2167279,2.167279,430364569.0,4580675.44,430456501.0,4580876362.0,932055111,Centraleta,,,,,,,
99400187001,Parc d'Atraccions del Tibidabo,Cinema Tibidado,Pl,Tibidabo,3,4.0,22,"Vallvidrera, el Tibidabo i les Planes",5,Sarri√†-Sant Gervasi,8035,19,BARCELONA,41421793,41.421793,2119804,2.119804,426447704.0,4585955627.0,426539599.0,4586156597.0,932117942,Tel.,,,,,,,
99400187243,Teatre Gaud√≠ de Barcelona,Teatre,C,Sant Antoni Maria Claret,120,120.0,6,la Sagrada Fam√≠lia,2,Eixample,8025,19,BARCELONA,4140746,41.40746,2169528,2.169528,430587637.0,4584323332.0,430679.57,4584524288.0,936035161,Tel.,,,,,,,
99400198988,Comedianet,#,Ptge,Sert,10,10.0,4,"Sant Pere, Santa Caterina i la Ribera",1,Ciutat Vella,8003,19,BARCELONA,41389257,41.389257,2176845,2.176845,431180008.0,4582296587.0,431271947.0,4582497524.0,933106044,Tel.,,,,,,,
99400203275,Espai Esc√®nic Ruqueria Querub√≠,Espai Escenic,C,Perla,11,11.0,31,la Vila de Gr√†cia,6,Gr√†cia,8012,19,BARCELONA,41403471,41.403471,2157148,2.157148,429548545.0,4583890411.0,429640469.0,4584091362.0,607780402,Reserves,(sms),,,,,,
99400222930,Almeria Teatre,Teatre,C,Sant Llu√≠s,64,64.0,31,la Vila de Gr√†cia,6,Gr√†cia,8024,19,BARCELONA,41406122,41.406122,216143,2.16143,429909363.0,4584181312.0,430001.29,4584382266.0,,No tenen tel√®fon,,,,,,,
99400226970,Teatre El Mald√†,Teatre,C,Pi,5,5.0,2,el Barri G√≤tic,1,Ciutat Vella,8002,19,BARCELONA,41383168,41.383168,2173941,2.173941,430930767.0,4581622959.0,431022704.0,4581823.89,931647778,Tel.,,,,,,,
99400235850,Facultat de Comunicaci√≥ *Campus de la Comunicaci√≥-Poblenou - UPF,Auditorium,C,Roc Boronat,138,138.0,66,el Parc i la Llacuna del Poblenou,10,Sant Mart√≠,8018,19,BARCELONA,41404237,41.404237,2193795,2.193795,432612617.0,4583946319.0,432704569.0,4584147272.0,935422273,Tel.,,,,,,,
99400235850,Facultat de Comunicaci√≥ *Campus de la Comunicaci√≥-Poblenou - UPF,Auditorium,C,Roc Boronat,138,138.0,66,el Parc i la Llacuna del Poblenou,10,Sant Mart√≠,8018,19,BARCELONA,41404237,41.404237,2193795,2.193795,432612617.0,4583946319.0,432704569.0,4584147272.0,935422302,Fax,,,,,,,
99400239026,Centre Parroquial Sant Vicen√ß de Sarri√†,Teatre,C,Pare Miquel de Sarri√†,8,8.0,23,Sarri√†,5,Sarri√†-Sant Gervasi,8034,19,BARCELONA,41400146,41.400146,2120642,2.120642,426493332.0,4583551648.0,426585228.0,4583752595.0,932039772,Tel.,,,,,,,
99400242299,Teatre Akad√®mia,Teatre,C,Buenos Aires,47,49.0,8,l'Antiga Esquerra de l'Eixample,2,Eixample,8036,19,BARCELONA,41392732,41.392732,2147299,2.147299,428713592.0,4582706246.0,428805508.0,4582907186.0,934951447,Tel.,,,,,,,
99400249050,"Barts, Barcelona on Stage",Sala Concerts,Av,Paral¬∑lel,62,62.0,1,el Raval,1,Ciutat Vella,8001,19,BARCELONA,41375185,41.375185,2169609,2.169609,430560033.0,4580740184.0,430651967.0,4580941106.0,933248494,Oficines,,,,,,,
99400249050,"Barts, Barcelona on Stage",Sala Concerts,Av,Paral¬∑lel,62,62.0,1,el Raval,1,Ciutat Vella,8001,19,BARCELONA,41375185,41.375185,2169609,2.169609,430560033.0,4580740184.0,430651967.0,4580941106.0,933248492,Tel.,Taquilla,,,,,,
99400253875,Teatre Lliure,Teatre,C,Montseny,47,47.0,31,la Vila de Gr√†cia,6,Gr√†cia,8012,19,BARCELONA,41402761,41.402761,2156039,2.156039,429455091.0,4583812497.0,429547014.0,4584013448.0,932387625,Tel.,(els dies de funci√≥ a partir de les 16 h),,,,,,
99400253875,Teatre Lliure,Teatre,C,Montseny,47,47.0,31,la Vila de Gr√†cia,6,Gr√†cia,8012,19,BARCELONA,41402761,41.402761,2156039,2.156039,429455091.0,4583812497.0,429547014.0,4584013448.0,932892770,Centraleta,,,,,,,
99400263571,Teatre Sala Atrium,Teatre,C,Consell de Cent,435,435.0,7,la Dreta de Eixample,2,Eixample,8009,19,BARCELONA,41397294,41.397294,2173765,2.173765,430931004.0,4583191365.0,431022941.0,4583392.31,931824606,Tel.,,,,,,,
99400263571,Teatre Sala Atrium,Teatre,C,Consell de Cent,435,435.0,7,la Dreta de Eixample,2,Eixample,8009,19,BARCELONA,41397294,41.397294,2173765,2.173765,430931004.0,4583191365.0,431022941.0,4583392.31,661981799,Tel.,,,,,,,
99400265667,Sala FlyHard,Teatre,C,Alpens,3,3.0,16,la Bordeta,3,Sants-Montju√Øc,8014,19,BARCELONA,41371938,41.371938,214063,2.14063,428133156.0,4580403257.0,428225068.0,4580604176.0,934322477,Tel.,,,,,,,
99400266129,Centre de Cultura Contempor√†nia de Barcelona,Teatre,C,Montalegre,5,5.0,1,el Raval,1,Ciutat Vella,8001,19,BARCELONA,41383914,41.383914,2166821,2.166821,430336.21,4581711455.0,430428142.0,4581912386.0,933064101,Fax,,,,,,,
99400266129,Centre de Cultura Contempor√†nia de Barcelona,Teatre,C,Montalegre,5,5.0,1,el Raval,1,Ciutat Vella,8001,19,BARCELONA,41383914,41.383914,2166821,2.166821,430336.21,4581711455.0,430428142.0,4581912386.0,933064100,Tel.,,,,,,,
99400266441,Centre de Cultura Contempor√†nia de Barcelona,Teatre,C,Montalegre,5,5.0,1,el Raval,1,Ciutat Vella,8001,19,BARCELONA,41383914,41.383914,2166821,2.166821,430336.21,4581711455.0,430428142.0,4581912386.0,933064101,Fax,,,,,,,
99400266441,Centre de Cultura Contempor√†nia de Barcelona,Teatre,C,Montalegre,5,5.0,1,el Raval,1,Ciutat Vella,8001,19,BARCELONA,41383914,41.383914,2166821,2.166821,430336.21,4581711455.0,430428142.0,4581912386.0,933064100,Tel.,,,,,,,
99400281031,Llu√Øsos d'Horta,Teatre,C,Feliu i Codina,7,7.0,43,Horta,7,Horta-Guinard√≥,8031,19,BARCELONA,4143234,41.43234,2160293,2.160293,429842475.0,4587092924.0,429934401.0,4587293905.0,934277327,Tel., ,,,,,,
99400311203,Sala F√®nix,Teatre,C,Riereta,31,31.0,1,el Raval,1,Ciutat Vella,8001,19,BARCELONA,41377741,41.377741,2169085,2.169085,430518.98,4581024373.0,430610914.0,4581225298.0,931802518,Tel.,,,,,,,
99400327808,Tantarantana Teatre,Teatre,C,Flors,22,22.0,1,el Raval,1,Ciutat Vella,8001,19,BARCELONA,41375969,41.375969,2167387,2.167387,430375064.0,4580828969.0,430466996.0,4581029892.0,934417022,Tel.,,,,,,,
99400332756,Biblioteca Nacional de Catalunya,Teatre,C,Hospital,56,56.0,1,el Raval,1,Ciutat Vella,8001,19,BARCELONA,41380494,41.380494,2170361,2.170361,430628543.0,4581328936.0,430720478.0,4581529864.0,934151794,Tel.,,,,,,,
99400332756,Biblioteca Nacional de Catalunya,Teatre,C,Hospital,56,56.0,1,el Raval,1,Ciutat Vella,8001,19,BARCELONA,41380494,41.380494,2170361,2.170361,430628543.0,4581328936.0,430720478.0,4581529864.0,932171770,Tel.,,,,,,,
99400347708,Teatre Club Capitol,Teatre,C,Rambla,138,138.0,2,el Barri G√≤tic,1,Ciutat Vella,8002,19,BARCELONA,41385142,41.385142,2170647,2.170647,430657.4,4581844663.0,430749335.0,4582045596.0,902332211,Tel.,Venda Entrades Teatre,,,,,,
99400347708,Teatre Club Capitol,Teatre,C,Rambla,138,138.0,2,el Barri G√≤tic,1,Ciutat Vella,8002,19,BARCELONA,41385142,41.385142,2170647,2.170647,430657.4,4581844663.0,430749335.0,4582045596.0,934122038,Tel.,,,,,,,
99400347709,Teatre Club Capitol,Teatre,C,Rambla,138,138.0,2,el Barri G√≤tic,1,Ciutat Vella,8002,19,BARCELONA,41385142,41.385142,2170647,2.170647,430657.4,4581844663.0,430749335.0,4582045596.0,934122038,Tel.,,,,,,,
99400347709,Teatre Club Capitol,Teatre,C,Rambla,138,138.0,2,el Barri G√≤tic,1,Ciutat Vella,8002,19,BARCELONA,41385142,41.385142,2170647,2.170647,430657.4,4581844663.0,430749335.0,4582045596.0,902332211,Tel.,Venda Entrades Teatre,,,,,,
99400347711,Teatre Gaud√≠ de Barcelona,Teatre,C,Sant Antoni Maria Claret,120,120.0,6,la Sagrada Fam√≠lia,2,Eixample,8025,19,BARCELONA,4140746,41.40746,2169528,2.169528,430587637.0,4584323332.0,430679.57,4584524288.0,936035161,Tel.,,,,,,,
99400347712,Teatre Gaud√≠ de Barcelona,Teatre,C,Sant Antoni Maria Claret,120,120.0,6,la Sagrada Fam√≠lia,2,Eixample,8025,19,BARCELONA,4140746,41.40746,2169528,2.169528,430587637.0,4584323332.0,430679.57,4584524288.0,936035161,Tel.,,,,,,,
99400352668,Cinemes Texas,Cinema,C,Bail√®n,205,205.0,31,la Vila de Gr√†cia,6,Gr√†cia,8037,19,BARCELONA,41402073,41.402073,216368,2.16368,430093026.0,4583729.94,430184955.0,4583930.89,933487748,Tel.,,,,,,,
99400355463,Llu√Øsos de Gr√†cia,Teatre,Pl,Nord,7,10.0,31,la Vila de Gr√†cia,6,Gr√†cia,8024,19,BARCELONA,41407283,41.407283,2155575,2.155575,429421187.0,4584314945.0,429513.11,4584515.9,932183372,Tel., ,,,,,,
99400355463,Llu√Øsos de Gr√†cia,Teatre,Pl,Nord,7,10.0,31,la Vila de Gr√†cia,6,Gr√†cia,8024,19,BARCELONA,41407283,41.407283,2155575,2.155575,429421187.0,4584314945.0,429513.11,4584515.9,932182058,Fax, ,,,,,,
99400364152,Auditori Sant Mart√≠,Auditori,Pl,Angeleta Ferrer,2,2.0,72,Sant Mart√≠ de Proven√ßals,10,Sant Mart√≠,8020,19,BARCELONA,41416235,41.416235,2199143,2.199143,433071909.0,4585274185.0,433163865.0,4585475.15,932565760,Secretaria,Centre C√≠vic Sant Mart√≠,,,,,,
99400364152,Auditori Sant Mart√≠,Auditori,C,Selva de Mar,211,211.0,72,Sant Mart√≠ de Proven√ßals,10,Sant Mart√≠,8020,19,BARCELONA,41416146,41.416146,2199706,2.199706,433118896.0,4585263843.0,433210852.0,4585464808.0,932565760,Secretaria,Centre C√≠vic Sant Mart√≠,,,,,,
99400364152,Auditori Sant Mart√≠,Auditori,C,Selva de Mar,211,211.0,72,Sant Mart√≠ de Proven√ßals,10,Sant Mart√≠,8020,19,BARCELONA,41416146,41.416146,2199706,2.199706,433118896.0,4585263843.0,433210852.0,4585464808.0,932660043,Tel.,Disponible nom√©s quan es celebra alguna activitat,,,,,,
99400364152,Auditori Sant Mart√≠,Auditori,Pl,Angeleta Ferrer,2,2.0,72,Sant Mart√≠ de Proven√ßals,10,Sant Mart√≠,8020,19,BARCELONA,41416235,41.416235,2199143,2.199143,433071909.0,4585274185.0,433163865.0,4585475.15,932660043,Tel.,Disponible nom√©s quan es celebra alguna activitat,,,,,,
99400382662,Sala Hiroshima,Teatre,C,Vila i Vil√†,61,67.0,11,el Poble-sec,3,Sants-Montju√Øc,8004,19,BARCELONA,41373801,41.373801,2169945,2.169945,430586.64,4580586165.0,430678574.0,4580787086.0,933155458,Tel.,,,,,,,
99400390579,Microteatre Barcelona,Teatre,C,Bail√®n,194,196.0,32,el Camp d'en Grassot i Gr√†cia Nova,6,Gr√†cia,8037,19,BARCELONA,41401562,41.401562,2164722,2.164722,430179602.0,4583672354.0,430271532.0,4583873303.0,932 77 96 83,Tel.,,,,,,,
99400398267,Centre Educatiu Sant Josep,Teatre,C,Montseny,31,39.0,31,la Vila de Gr√†cia,6,Gr√†cia,8012,19,BARCELONA,41402365,41.402365,2155373,2.155373,429399012.0,4583769132.0,429490934.0,4583970082.0,932372019,Tel.,,,,,,,
99400406294,E√≤lia Escola Superior d'Art Dram√†tic,Teatre Estudi,C,Bail√®n,23,23.0,7,la Dreta de Eixample,2,Eixample,8010,19,BARCELONA,41392616,41.392616,2176181,2.176181,431127983.0,4582670039.0,431219922.0,4582870979.0,933192397,Tel.,,,,,,,
99400409603,F√†brica de Creaci√≥ Escenari Joan  Brossa,Teatre,C,Flassaders,40,40.0,4,"Sant Pere, Santa Caterina i la Ribera",1,Ciutat Vella,8003,19,BARCELONA,41385248,41.385248,2182387,2.182387,431639128.0,4581847198.0,431731072.0,4582048131.0,933151596,Oficines,,,,,,,
99400409603,F√†brica de Creaci√≥ Escenari Joan  Brossa,Teatre,C,Flassaders,40,40.0,4,"Sant Pere, Santa Caterina i la Ribera",1,Ciutat Vella,8003,19,BARCELONA,41385248,41.385248,2182387,2.182387,431639128.0,4581847198.0,431731072.0,4582048131.0,933101364,Tel.,Teatre (reserves),,,,,,
99400409608,F√†brica de Creaci√≥ Escenari Joan  Brossa,Teatre,C,Flassaders,40,40.0,4,"Sant Pere, Santa Caterina i la Ribera",1,Ciutat Vella,8003,19,BARCELONA,41385248,41.385248,2182387,2.182387,431639128.0,4581847198.0,431731072.0,4582048131.0,933151596,Oficines,,,,,,,
99400409608,F√†brica de Creaci√≥ Escenari Joan  Brossa,Teatre,C,Flassaders,40,40.0,4,"Sant Pere, Santa Caterina i la Ribera",1,Ciutat Vella,8003,19,BARCELONA,41385248,41.385248,2182387,2.182387,431639128.0,4581847198.0,431731072.0,4582048131.0,933101364,Tel.,Teatre (reserves),,,,,,
99400409609,F√†brica de Creaci√≥ Escenari Joan  Brossa,Teatre,C,Flassaders,40,40.0,4,"Sant Pere, Santa Caterina i la Ribera",1,Ciutat Vella,8003,19,BARCELONA,41385248,41.385248,2182387,2.182387,431639128.0,4581847198.0,431731072.0,4582048131.0,933151596,Oficines,,,,,,,
99400409609,F√†brica de Creaci√≥ Escenari Joan  Brossa,Teatre,C,Flassaders,40,40.0,4,"Sant Pere, Santa Caterina i la Ribera",1,Ciutat Vella,8003,19,BARCELONA,41385248,41.385248,2182387,2.182387,431639128.0,4581847198.0,431731072.0,4582048131.0,933101364,Tel.,Teatre (reserves),,,,,,
99400426320,Ateneu del Raval,Teatre,C,Reina Am√†lia,3,3.0,1,el Raval,1,Ciutat Vella,8001,19,BARCELONA,41377985,41.377985,2165568,2.165568,430225115.0,4581054281.0,430317046.0,4581255206.0,618781145,Tel.,,,,,,,
99400426320,Ateneu del Raval,Auditori,C,Reina Am√†lia,3,3.0,1,el Raval,1,Ciutat Vella,8001,19,BARCELONA,41377985,41.377985,2165568,2.165568,430225115.0,4581054281.0,430317046.0,4581255206.0,638330741,Tel.,,,,,,,
99400466662,Tantarantana Teatre,Teatre,C,Flors,22,22.0,1,el Raval,1,Ciutat Vella,8001,19,BARCELONA,41375969,41.375969,2167387,2.167387,430375064.0,4580828969.0,430466996.0,4581029892.0,934417022,Tel.,,,,,,,
99400466662,Tantarantana Teatre,Teatre,C,Flors,22,22.0,1,el Raval,1,Ciutat Vella,8001,19,BARCELONA,41375969,41.375969,2167387,2.167387,430375064.0,4580828969.0,430466996.0,4581029892.0,934417094,Fax,,,,,,,
99400467597,City Hall Barcelona,Sala Concerts,Rbla,Catalunya,2,4.0,7,la Dreta de Eixample,2,Eixample,8007,19,BARCELONA,41387672,41.387672,2168449,2.168449,430476329.0,4582127344.0,430568262.0,4582328279.0,932380722,Informaci√≥,,,,,,,
99400504551,Recursos d'Animaci√≥ Intercultural RAI,Espai Escenic,C,Carders,12,12.0,4,"Sant Pere, Santa Caterina i la Ribera",1,Ciutat Vella,8003,19,BARCELONA,4138619,41.38619,21801,2.1801,431448898.0,4581953513.0,431540.84,4582154447.0,692104312,Tel.,,,,,,,
99400550523,Teatre La Gleva,Teatre,C,Gleva,19,19.0,27,el Putxet i el Farr√≥,5,Sarri√†-Sant Gervasi,8006,19,BARCELONA,41403271,41.403271,2145925,2.145925,428610247.0,4583877457.0,428702162.0,4584078408.0,932006543,Tel.,,,,,,,
99400589817,Zumzeig Cinecooperativa SCCL,Cinema,C,B√©jar,53,,15,Hostafrancs,3,Sants-Montju√Øc,8014,19,BARCELONA,41377379,41.377379,2145091,2.145091,428512189.0,4581003664.0,428604104.0,4581204588.0,935641411,Tel., ,,,,,,
99400609357,Teatre Condal,Teatre,Av,Paral¬∑lel,91,91.0,11,el Poble-sec,3,Sants-Montju√Øc,8004,19,BARCELONA,41374807,41.374807,2164736,2.164736,430152127.0,4580702.07,430244057.0,4580902992.0,934423132,Tel.,,,,,,,
99400610236,Sala Ars Teatre BCN,Teatre,C,Jonqueres,15,15.0,4,"Sant Pere, Santa Caterina i la Ribera",1,Ciutat Vella,8003,19,BARCELONA,41388513,41.388513,2173911,2.173911,430933921.0,4582216371.0,431025858.0,4582417307.0,936539566,Tel.,,,,,,,
99400644095,Centre Cat√≤lic de Sants,Centre Civic,C,Antoni de Capmany,72,,18,Sants,3,Sants-Montju√Øc,8014,19,BARCELONA,413744,41.3744,213489,2.13489,427655807.0,4580681345.0,427747714.0,4580882266.0,933325037,Tel., ,,,,,,
99400644095,Centre Cat√≤lic de Sants,Centre Civic,C,Antoni de Capmany,72,,18,Sants,3,Sants-Montju√Øc,8014,19,BARCELONA,413744,41.3744,213489,2.13489,427655807.0,4580681345.0,427747714.0,4580882266.0,629643946,Informaci√≥, ,,,,,,
